BIOCHEMICAL OXYGEN DEMAND(mg/L),DISSOLVED OXYGEN(mg/L).1,FECAL COLIFORMS(mpn/100ml),Latitude,Longitude,Temperature,Water,Topography,UV_Radiation,Longitude_degree,Latitude_degree
58,5.4,37,1,0,-1,1,61,7,40,20
69,5.0,6,1,0,-1,1,15,51,4,2
84,5.6,69,1,1,-3,1,72,86,22,11
24,7.1,19,1,0,-1,1,84,22,32,16
4,6.2,33,1,1,-3,1,32,9,120,60
70,6.4,55,1,0,-1,1,20,72,84,42
53,8.5,65,1,1,-3,1,42,46,78,39
71,4.8,49,0,0,-1,1,58,9,152,76
59,5.1,51,1,1,-10,1,28,38,82,41
33,7.2,62,1,0,-1,1,42,46,44,22
44,6.7,69,1,1,-10,1,64,57,14,7
82,5.2,87,1,0,-6,1,2,8,116,58
58,8.1,14,1,1,-1,2,20,59,171,114
66,6.0,84,1,0,-11,1,55,25,84,42
10,4.3,85,0,1,-1,2,80,83,261,174
36,5.2,11,1,0,-15,1,41,58,144,72
51,7.3,79,1,1,-1,2,8,43,90,60
81,7.3,85,1,0,-15,1,27,16,42,21
18,6.617672007540057,72,1,1,-1,2,51,19,48,32
9,6.2,80,1,0,-15,1,89,79,138,69
63,4.3,3,0,1,-1,2,56,8,36,24
88,6.617672007540057,3,1,0,-15,1,10,53,0,0
74,3.8,70,0,1,-1,2,8,40,219,146
29,2.2,68,0,0,-15,1,28,73,86,43
34,6.617672007540057,38,1,1,-1,2,61,12,108,72
33,6.617672007540057,60,1,0,-15,1,45,31,78,39
8,6.617672007540057,58,1,1,-1,3,38,41,4,3
0,4.2,19,0,0,-15,1,2,48,138,69
53,5.3,29,1,1,-1,3,20,55,296,222
62,5.1,26,1,0,-10,1,75,10,14,7
3,8.7,88,1,1,-1,3,67,5,176,132
22,6.0,78,1,0,-1,1,81,4,78,39
85,2.8,33,0,1,-1,3,78,44,228,171
2,2.1,63,0,0,-1,1,0,49,66,33
21,2.8,6,0,1,-1,3,75,59,112,84
14,6.617672007540057,70,1,0,-6,1,67,40,50,25
13,5.6,51,1,1,-1,3,48,78,348,261
58,5.6,51,1,0,-10,1,60,84,64,32
21,6.8,41,1,1,-1,3,78,49,256,192
23,6.6,36,1,0,-15,1,1,16,140,70
78,8.0,46,1,1,-1,4,1,11,165,132
79,7.1,38,1,0,-15,2,24,22,72,48
10,4.9,66,0,1,-1,4,31,76,140,112
88,6.2,8,1,0,-15,2,38,88,150,100
59,6.617672007540057,76,1,1,-1,4,89,83,350,280
64,6.617672007540057,57,1,0,-15,2,52,45,30,20
56,6.617672007540057,58,1,1,-1,4,6,25,65,52
64,6.0,20,1,0,-15,2,61,39,198,132
50,5.9,60,1,1,-1,4,5,81,120,96
58,2.2,74,0,0,-15,2,84,64,261,174
34,6.617672007540057,3,1,1,-1,4,57,73,310,248
33,6.617672007540057,38,1,0,-15,2,63,72,141,94
72,6.617672007540057,51,1,1,-1,4,60,21,420,336
3,6.617672007540057,35,1,0,-10,2,63,18,129,86
61,2.1,74,0,1,-5,4,64,59,70,56
71,4.2,9,0,0,-6,2,17,23,36,24
73,4.1,26,0,1,-13,4,25,0,150,120
73,5.3,53,1,0,-13,2,74,64,171,114
61,4.1,55,0,1,-15,4,34,26,200,160
80,1.5,83,0,0,-15,2,17,5,78,52
35,1.8,38,0,1,-15,4,51,36,10,8
66,4.3,8,0,0,-15,2,39,59,138,92
78,2.2,28,0,1,-15,4,50,36,10,8
39,3.2,66,0,0,-15,2,75,79,150,100
76,6.617672007540057,41,1,1,-15,4,24,22,50,40
66,3.8,23,0,0,-15,2,78,79,207,138
41,3.1,27,0,1,-13,4,37,26,175,140
11,2.1,89,0,0,-15,2,2,52,93,62
74,6.5,28,1,1,-6,4,63,76,0,0
51,5.8,71,1,0,-15,2,24,14,228,152
54,7.5,45,1,1,-1,4,8,42,80,64
69,7.0,67,1,0,-15,2,40,44,204,136
46,7.6,75,1,1,-1,4,19,19,350,280
55,8.0,20,1,0,-15,2,33,84,216,144
1,6.2,67,1,1,-1,4,2,15,420,336
61,6.0,26,1,0,-15,2,52,1,180,120
80,6.1,9,1,1,-1,4,9,50,375,300
61,5.6,70,1,0,-15,2,89,21,120,80
76,3.2,80,0,1,-1,4,72,52,120,96
25,6.3,68,1,0,-15,2,84,69,234,156
72,2.4,38,0,1,-1,4,48,65,215,172
39,8.0,19,1,0,-15,2,43,80,57,38
68,7.0,47,1,1,-1,4,24,44,330,264
70,6.2,5,1,0,-15,2,17,19,141,94
86,6.617672007540057,41,1,1,-1,4,0,26,105,84
19,5.4,66,1,0,-15,2,55,57,87,58
83,7.8,78,1,1,-1,4,6,82,285,228
78,1.7,13,0,0,-15,2,41,18,138,92
78,6.617672007540057,80,1,1,-1,4,1,81,120,96
37,4.1,78,0,0,-15,2,22,51,165,110
21,7.1,89,1,1,-1,4,60,7,120,96
2,3.9,88,0,0,-15,2,26,55,120,80
47,4.1,9,0,1,-1,4,26,67,195,156
7,7.2,83,1,0,-15,1,14,76,54,27
48,4.1,51,0,1,-1,4,65,41,75,60
87,3.9,74,0,0,-15,1,9,15,170,85
80,4.2,56,0,1,-1,4,84,81,185,148
56,3.7,82,0,0,-15,1,78,48,142,71
35,4.3,71,0,1,-3,4,29,52,275,220
26,4.2,24,0,0,-15,1,50,81,44,22
39,6.1,51,1,1,-3,4,68,68,215,172
46,5.7,3,1,0,-15,1,45,54,70,35
39,0.8,0,0,1,-3,4,31,88,55,44
40,6.617672007540057,43,1,0,-15,1,32,5,114,57
82,6.617672007540057,83,1,1,-10,4,29,16,405,324
57,6.2,25,1,0,-15,1,56,7,116,58
35,3.0,53,0,1,-13,4,0,17,75,60
2,6.617672007540057,58,1,0,-15,2,46,58,105,70
67,1.2,48,0,1,-13,4,28,0,360,288
84,4.1,32,0,0,-15,2,63,71,210,140
7,3.2,17,0,1,-15,4,18,25,145,116
59,6.617672007540057,58,1,0,-15,2,39,63,171,114
4,2.6,42,0,1,-15,4,47,12,345,276
82,6.617672007540057,85,1,0,-15,2,64,46,159,106
30,6.617672007540057,4,1,1,-15,4,40,4,90,72
81,6.6,50,1,0,-15,2,56,66,105,70
85,6.5,82,1,1,-15,4,52,40,75,60
11,1.3,83,0,0,-15,2,73,29,24,16
71,5.1,67,1,1,-15,4,36,11,425,340
25,5.0,6,1,0,-15,2,37,46,201,134
51,3.8,60,0,1,-15,4,36,79,120,96
72,6.617672007540057,16,1,0,-15,2,66,63,198,132
84,6.617672007540057,42,1,1,-15,4,67,46,300,240
2,4.2,37,0,0,-15,2,76,52,33,22
66,6.617672007540057,9,1,1,-15,4,2,71,255,204
59,3.5,41,0,0,-15,2,36,56,201,134
51,6.617672007540057,46,1,1,-15,4,73,19,320,256
33,1.1,22,0,0,-15,3,26,9,44,33
84,6.617672007540057,9,1,1,-15,4,14,64,280,224
10,6.0,80,1,0,-15,3,37,66,96,72
73,6.2,86,1,1,-15,4,19,15,400,320
4,8.9,41,1,0,-15,4,11,46,260,208
54,7.1,38,1,1,-15,4,28,2,395,316
7,7.4,10,1,0,-15,4,58,42,425,340
20,7.1,14,1,1,-15,4,79,57,215,172
73,7.6,17,1,0,-15,4,60,81,270,216
0,4.8,22,0,1,-3,4,74,41,140,112
13,6.5,80,1,0,-15,4,20,12,440,352
59,7.4,9,1,1,-1,4,55,47,80,64
84,7.5,61,1,0,-15,4,66,67,335,268
64,6.2,48,1,1,-1,4,88,22,120,96
68,6.9,63,1,0,-15,4,22,62,280,224
35,7.3,82,1,1,-1,4,47,15,355,284
20,6.8,48,1,0,-15,4,12,59,100,80
70,6.617672007540057,32,1,1,-1,4,37,23,205,164
63,10.1,79,1,0,-15,4,14,27,190,152
12,2.6,73,0,1,-3,4,89,11,100,80
78,6.8,28,1,0,-15,4,48,86,85,68
25,6.3,38,1,1,-6,4,42,41,60,48
33,5.4,8,1,0,-15,4,77,70,275,220
88,3.2,29,0,1,-10,4,49,83,85,68
21,5.4,1,1,0,-15,4,2,68,60,48
64,7.6,18,1,1,-15,4,70,58,330,264
45,9.5,14,1,0,-15,4,45,63,385,308
82,4.7,59,0,1,-15,4,81,62,15,12
9,8.6,78,1,0,-15,4,32,76,250,200
81,6.6,83,1,1,-15,4,89,56,275,220
82,7.0,66,1,0,-15,4,80,24,185,148
84,8.2,40,1,1,-15,4,70,21,245,196
84,9.6,11,1,0,-15,4,52,61,295,236
63,6.7,78,1,1,-15,4,43,20,435,348
69,9.5,62,1,0,-15,4,83,38,330,264
25,6.0,33,1,1,-15,4,80,29,255,204
56,8.5,5,1,0,-15,4,70,85,60,48
42,4.8,14,0,1,-15,4,51,79,110,88
77,4.5,89,0,0,-15,4,36,71,135,108
73,6.6,7,1,1,-15,4,35,89,155,124
40,7.6,64,1,0,-15,4,39,34,350,280
71,6.8,27,1,1,-15,4,22,39,70,56
74,6.5,11,1,0,-15,4,35,62,435,348
30,7.0,17,1,1,-13,4,36,83,335,268
38,7.3,27,1,0,-15,4,57,62,65,52
65,7.5,64,1,1,-13,4,54,30,385,308
44,4.8,18,0,0,-10,4,36,69,345,276
50,6.2,73,1,1,-12,4,42,66,155,124
17,10.0,73,1,0,-1,4,12,46,280,224
23,8.2,83,1,1,-15,4,26,88,65,52
23,9.8,68,1,0,-1,4,17,83,290,232
26,10.0,14,1,1,-15,4,43,4,255,204
63,8.5,88,1,0,-1,4,37,70,310,248
4,10.2,22,1,1,-15,4,28,65,160,128
31,4.1,23,0,0,-1,4,26,3,340,272
25,4.1,65,0,1,-15,4,32,45,170,136
63,5.5,55,1,0,-1,4,85,29,45,36
0,4.4,15,0,1,-15,4,50,81,90,72
77,7.5,84,1,0,-1,4,45,77,85,68
47,7.2,27,1,1,-15,4,31,76,370,296
14,8.3,21,1,0,-1,4,26,45,35,28
36,8.2,14,1,1,-15,4,39,13,210,168
19,7.8,7,1,0,-1,4,38,85,445,356
81,7.5,32,1,1,-15,4,57,39,65,52
70,10.2,76,1,0,-1,4,29,38,135,108
11,5.5,78,1,1,-15,4,88,12,20,16
52,5.5,76,1,0,-1,4,13,67,40,32
58,7.0,0,1,1,-15,4,1,79,205,164
38,5.2,72,1,0,-1,4,41,7,430,344
17,4.9,39,0,1,-15,4,21,64,435,348
35,5.2,53,1,0,-1,4,84,85,125,100
36,5.0,63,1,1,-15,4,31,33,210,168
23,5.0,44,1,0,-1,4,57,12,205,164
55,6.0,14,1,1,-15,4,83,74,315,252
42,5.4,49,1,0,-1,4,12,16,240,192
48,5.0,88,1,1,-15,4,25,55,430,344
44,5.2,1,1,0,-1,4,35,8,360,288
76,6.0,14,1,1,-15,4,24,64,405,324
7,5.4,2,1,0,-1,4,18,39,130,104
41,5.8,79,1,1,-15,4,7,45,345,276
62,6.7,11,1,0,-1,4,68,81,285,228
47,6.6,12,1,1,-15,4,39,67,405,324
86,7.8,17,1,0,-1,4,67,33,145,116
73,6.9,37,1,1,-15,4,60,82,225,180
2,6.8,49,1,0,-1,4,68,41,385,308
76,5.8,30,1,1,-15,4,71,4,300,240
69,7.8,74,1,0,-1,4,5,73,315,252
17,7.5,13,1,1,-15,4,17,74,135,108
26,8.2,25,1,0,-1,4,0,78,405,324
49,9.0,47,1,1,-13,4,89,33,315,252
9,6.8,2,1,0,-1,4,11,70,280,224
40,6.4,38,1,1,-1,4,48,59,120,96
52,4.6,72,0,0,-1,4,3,21,140,112
72,6.3,13,1,1,-1,4,72,1,305,244
63,4.2,83,0,0,-1,4,11,68,10,8
55,7.8,56,1,1,-1,4,5,77,160,128
35,7.8,24,1,0,-3,4,68,67,190,152
38,4.8,37,0,1,-1,4,56,0,310,248
81,5.5,46,1,0,-13,4,31,11,395,316
83,5.3,39,1,1,-1,4,49,47,380,304
49,6.5,85,1,0,-15,4,37,43,115,92
74,4.1,0,0,1,-1,4,7,18,335,268
61,5.0,32,1,0,-15,4,86,13,385,308
40,4.2,36,0,1,-1,4,88,32,160,128
87,4.1,77,0,0,-15,4,40,73,225,180
15,6.6,18,1,1,-1,4,8,30,415,332
2,10.2,55,1,0,-15,4,82,16,175,140
24,7.0,48,1,1,-1,4,32,35,130,104
83,7.8,35,1,0,-15,4,88,89,430,344
8,8.6,46,1,1,-1,4,51,28,60,48
14,2.2,70,0,0,-15,4,14,7,315,252
13,0.6,67,0,1,-1,4,65,22,40,32
50,1.0,48,0,0,-15,4,60,46,45,36
15,0.5,41,0,1,-1,4,25,18,200,160
0,5.4,69,1,0,-15,4,49,16,210,168
78,7.5,40,1,1,-1,4,83,53,250,200
58,7.1,50,1,0,-15,4,22,4,175,140
55,7.6,37,1,1,-1,4,72,78,265,212
17,4.5,61,0,0,-3,4,59,50,435,348
71,5.0,81,1,1,-1,4,41,76,55,44
42,4.1,17,0,0,-1,4,53,38,5,4
56,4.1,76,0,1,-1,4,4,37,90,72
66,6.2,57,1,0,-1,4,77,48,225,180
10,5.5,23,1,1,-1,4,21,80,160,128
82,7.1,57,1,0,-1,4,86,44,380,304
56,6.9,11,1,1,-1,4,89,16,135,108
12,9.8,77,1,0,-3,4,35,66,430,344
26,6.4,17,1,1,-1,4,1,86,335,268
86,9.0,52,1,0,-10,4,59,52,205,164
3,9.5,79,1,1,-1,4,24,86,240,192
28,8.4,70,1,0,-15,4,81,51,270,216
24,7.9,70,1,1,-1,4,67,68,205,164
89,9.3,87,1,0,-15,4,75,3,310,248
34,9.1,74,1,1,-1,4,82,14,200,160
39,7.5,59,1,0,-15,4,18,0,170,136
89,7.3,46,1,1,-1,4,76,65,205,164
1,7.2,37,1,0,-15,4,17,8,330,264
65,7.4,4,1,1,-1,4,55,69,435,348
82,7.4,60,1,0,-15,4,12,30,370,296
51,9.8,61,1,1,-1,4,19,28,330,264
35,12.6,14,1,0,-15,4,17,15,5,4
52,9.4,31,1,1,-1,3,84,2,128,96
3,9.1,1,1,0,-15,4,12,28,315,252
77,8.6,67,1,1,-1,3,80,87,288,216
85,9.6,1,1,0,-15,4,17,45,75,60
19,8.6,11,1,1,-1,3,49,87,4,3
64,8.0,79,1,0,-15,3,14,12,256,192
82,11.2,79,1,1,-1,3,41,82,4,3
43,8.5,85,1,0,-15,3,54,40,224,168
55,9.1,15,1,1,-3,3,18,6,196,147
7,8.8,49,1,0,-15,3,67,13,80,60
65,8.4,44,1,1,-10,3,0,1,156,117
42,10.0,62,1,0,-15,3,82,71,108,81
69,7.8,49,1,1,-15,3,36,21,148,111
73,7.7,0,1,0,-15,3,5,31,28,21
78,9.9,30,1,1,-15,3,13,70,60,45
83,7.9,63,1,0,-15,3,35,1,316,237
67,11.5,45,1,1,-15,3,7,58,20,15
41,9.4,22,1,0,-15,3,72,40,236,177
48,9.3,45,1,1,-15,3,17,26,344,258
61,12.3,55,1,0,-15,3,81,26,124,93
32,8.7,3,1,1,-15,3,87,80,328,246
85,9.0,18,1,0,-15,3,88,11,136,102
48,7.9,86,1,1,-15,3,66,2,152,114
19,10.0,65,1,0,-15,3,84,54,352,264
36,9.0,34,1,1,-15,3,58,39,308,231
13,8.2,62,1,0,-15,3,11,83,56,42
63,2.8,54,0,1,-15,3,61,37,132,99
25,6.617672007540057,45,1,0,-15,3,81,84,320,240
40,8.6,88,1,1,-15,3,1,0,216,162
16,7.6,41,1,0,-15,3,38,58,212,159
85,8.7,17,1,1,-15,3,76,16,244,183
87,7.5,42,1,0,-15,3,75,19,40,30
48,6.6,37,1,1,-15,2,2,29,240,160
62,5.2,82,1,0,-15,3,49,59,212,159
59,6.3,78,1,1,-15,2,87,72,102,68
57,9.8,26,1,0,-15,3,18,45,88,66
65,8.7,16,1,1,-15,2,42,3,9,6
2,6.617672007540057,32,1,0,-15,3,23,13,276,207
13,9.3,87,1,1,-15,2,77,27,219,146
51,9.2,60,1,0,-15,3,22,40,116,87
29,7.9,77,1,1,-15,3,71,66,200,150
26,2.0,10,0,0,-15,3,8,62,124,93
18,8.0,47,1,1,-15,3,79,21,8,6
2,7.3,67,1,0,-15,3,65,6,344,258
13,8.0,22,1,1,-15,3,73,62,292,219
41,9.3,64,1,0,-15,3,47,74,56,42
10,7.8,3,1,1,-15,3,51,88,232,174
41,7.5,71,1,0,-15,3,55,80,320,240
79,7.8,11,1,1,-15,3,51,35,192,144
47,8.5,4,1,0,-15,3,64,58,192,144
1,7.8,62,1,1,-15,3,82,85,40,30
22,9.8,55,1,0,-15,3,40,67,332,249
86,22.0,63,1,1,-15,3,11,87,252,189
1,7.7,9,1,0,-15,3,65,51,256,192
88,16.6,17,1,1,-15,3,48,11,280,210
8,15.2,32,1,0,-15,3,4,70,104,78
70,8.4,73,1,1,-15,3,58,78,200,150
81,7.9,16,1,0,-15,3,28,7,300,225
80,7.2,5,1,1,-15,3,22,2,4,3
79,11.2,50,1,0,-15,3,15,87,104,78
65,10.2,5,1,1,-15,3,60,48,96,72
41,9.6,71,1,0,-15,3,53,25,108,81
85,9.5,45,1,1,-15,3,25,70,60,45
29,9.4,30,1,0,-15,3,57,84,168,126
11,10.4,3,1,1,-15,3,51,2,8,6
61,10.3,25,1,0,-15,3,80,85,248,186
89,8.9,12,1,1,-15,3,28,43,232,174
42,7.5,56,1,0,-15,3,45,60,108,81
30,5.9,13,1,1,-15,3,10,5,12,9
33,7.8,57,1,0,-15,3,72,23,172,129
67,9.1,58,1,1,-15,3,61,78,92,69
43,8.9,6,1,0,-15,3,56,77,320,240
54,7.7,48,1,1,-15,3,35,51,48,36
17,9.0,23,1,0,-15,3,1,2,300,225
19,9.7,72,1,1,-15,2,25,64,219,146
1,7.7,72,1,0,-15,3,15,72,148,111
7,9.0,61,1,1,-15,2,28,63,39,26
6,8.6,57,1,0,-15,3,24,61,208,156
34,9.8,53,1,1,-15,2,51,61,141,94
29,8.4,42,1,0,-15,3,64,7,192,144
20,8.6,71,1,1,-15,2,17,53,51,34
58,6.617672007540057,73,1,0,-15,3,42,33,12,9
43,9.8,26,1,1,-15,2,34,42,264,176
61,9.1,62,1,0,-15,3,88,45,148,111
14,6.617672007540057,4,1,1,-15,2,48,72,147,98
9,7.7,44,1,0,-15,3,75,39,76,57
26,8.7,51,1,1,-15,2,75,44,261,174
64,5.1,23,1,0,-15,3,83,87,16,12
56,7.2,69,1,1,-15,2,64,8,186,124
49,5.6,2,1,0,-15,3,71,58,340,255
7,8.1,70,1,1,-15,2,8,24,216,144
32,13.0,68,1,0,-39,1,85,58,34,17
66,9.5,39,1,1,-29,1,22,87,100,50
76,8.7,64,1,0,-6,1,14,56,28,14
62,7.9,61,1,0,-1,1,78,47,154,77
4,25.0,54,1,0,-3,1,60,60,30,15
89,9.6,15,1,1,-10,1,0,24,142,71
69,9.8,21,1,0,-1,1,41,33,20,10
29,3.1,86,0,1,-1,1,25,73,174,87
89,8.4,74,1,0,-3,1,30,53,176,88
39,6.617672007540057,76,1,1,-13,1,79,42,50,25
18,8.5,15,1,0,-1,1,52,18,56,28
32,9.2,75,1,1,-1,1,70,78,26,13
7,4.1,0,0,0,-3,1,32,38,154,77
71,9.5,51,1,1,-13,1,85,22,42,21
50,9.7,86,1,0,-1,1,39,86,98,49
5,9.1,34,1,1,-1,1,65,67,166,83
32,6.9,89,1,0,-1,1,5,44,152,76
41,3.3,54,0,1,-15,1,0,6,164,82
59,3.2,74,0,0,-1,1,56,51,24,12
17,10.2,57,1,1,-3,1,61,26,16,8
64,6.617672007540057,0,1,0,-1,1,32,51,62,31
82,6.617672007540057,36,1,1,-15,1,30,48,128,64
89,6.617672007540057,23,1,0,-1,1,82,74,66,33
22,7.5,38,1,1,-3,1,82,5,68,34
21,6.4,6,1,0,-1,1,60,87,156,78
59,6.617672007540057,26,1,1,-6,2,16,80,162,108
53,7.1,33,1,0,-11,1,75,63,106,53
70,7.4,33,1,1,-1,2,64,60,177,118
23,7.2,63,1,0,-6,1,59,51,0,0
48,7.2,69,1,1,-1,2,59,83,267,178
9,6.9,20,1,0,-14,1,10,11,20,10
35,9.6,34,1,1,-1,2,39,88,102,68
70,4.0,44,0,0,-10,1,19,63,164,82
58,7.2,87,1,1,-1,2,16,11,243,162
78,7.1,37,1,0,-15,1,54,4,148,74
22,6.7,15,1,1,-1,2,21,85,75,50
60,7.2,66,1,0,-15,1,69,65,74,37
1,7.4,43,1,1,-1,2,3,72,204,136
48,7.2,65,1,0,-15,1,14,45,138,69
49,6.8,30,1,1,-1,2,23,52,186,124
0,6.6,45,1,0,-15,1,72,64,74,37
3,6.8,39,1,1,-1,2,42,55,90,60
36,5.9,44,1,0,-15,1,38,34,28,14
6,4.3,39,0,1,-1,2,5,48,30,20
41,6.9,75,1,0,-15,1,20,47,18,9
51,3.8,16,0,1,-1,2,65,62,243,162
82,6.9,65,1,0,-15,1,29,67,52,26
15,7.3,77,1,1,-1,2,15,6,234,156
18,7.1,84,1,0,-15,1,32,62,162,81
7,7.2,22,1,1,-1,2,22,76,63,42
74,7.2,55,1,0,-15,1,50,75,6,3
55,7.3,51,1,1,-1,2,34,42,198,132
49,6.9,55,1,0,-15,1,22,67,10,5
87,5.3,22,1,1,-1,3,3,25,180,135
48,7.0,26,1,0,-15,1,35,73,170,85
40,6.2,2,1,1,-1,3,15,70,88,66
77,6.0,74,1,0,-13,1,35,43,162,81
30,6.8,6,1,1,-1,3,35,0,144,108
17,7.2,24,1,0,-15,1,1,0,94,47
66,6.617672007540057,82,1,1,-1,3,64,74,88,66
33,5.5,88,1,0,-6,1,68,73,72,36
15,7.2,37,1,1,-1,3,56,83,264,198
79,7.0,31,1,0,-15,1,0,35,70,35
4,7.0,56,1,1,-1,3,28,39,196,147
2,7.6,68,1,0,-1,1,14,63,178,89
88,9.7,35,1,1,-1,3,6,7,100,75
49,9.7,78,1,0,-4,1,56,66,26,13
22,8.9,13,1,1,-1,3,88,40,344,258
88,7.5,22,1,0,-3,1,73,78,152,76
51,5.1,56,1,1,-1,3,13,7,336,252
13,4.1,7,0,0,-1,1,18,19,132,66
64,4.4,25,0,1,-1,3,87,82,132,99
58,8.2,3,1,0,-11,1,71,19,138,69
76,6.617672007540057,10,1,1,-1,3,30,4,52,39
40,6.617672007540057,63,1,0,-1,1,75,46,126,63
67,5.2,21,1,1,-1,3,43,75,84,63
61,7.3,22,1,0,-15,1,77,85,110,55
56,5.2,25,1,1,-1,3,25,14,272,204
39,7.2,45,1,0,-6,1,71,29,92,46
59,5.2,37,1,1,-1,3,70,17,36,27
64,5.5,37,1,0,-15,1,44,33,48,24
20,7.7,75,1,1,-1,4,39,23,105,84
79,7.2,3,1,0,-10,1,89,22,172,86
31,6.4,25,1,1,-1,4,3,19,0,0
17,6.8,41,1,0,-15,2,73,10,258,172
51,6.5,89,1,1,-1,4,33,14,165,132
78,7.8,64,1,0,-15,2,50,56,81,54
75,7.2,10,1,1,-1,4,67,67,315,252
49,7.5,42,1,0,-15,2,67,64,42,28
50,6.0,72,1,1,-1,4,44,74,270,216
4,6.5,80,1,0,-15,2,10,52,39,26
66,7.7,33,1,1,-1,4,41,52,325,260
71,7.0,47,1,0,-15,2,58,71,252,168
33,5.8,8,1,1,-1,4,68,87,185,148
83,6.5,6,1,0,-15,2,39,74,81,54
79,5.7,25,1,1,-1,4,27,47,295,236
19,4.5,87,0,0,-15,2,9,49,60,40
17,6.5,53,1,1,-1,4,69,31,35,28
42,7.3,69,1,0,-15,2,64,5,9,6
86,7.4,17,1,1,-1,4,18,46,235,188
76,1.2,84,0,0,-15,2,66,43,147,98
9,6.5,70,1,1,-1,4,26,54,135,108
57,3.1,45,0,0,-15,2,77,50,36,24
84,3.0,44,0,1,-1,4,89,22,415,332
52,4.1,61,0,0,-13,2,34,4,72,48
21,5.4,20,1,1,-5,4,66,38,340,272
32,5.3,43,1,0,-15,2,88,51,36,24
49,1.3,87,0,1,-1,4,22,42,95,76
50,4.7,39,0,0,-6,2,68,74,168,112
28,5.5,67,1,1,-11,4,85,73,45,36
10,6.6,34,1,0,-15,2,68,82,96,64
3,6.4,15,1,1,-1,4,41,8,235,188
20,6.2,41,1,0,-3,2,85,41,255,170
88,5.8,69,1,1,-15,4,46,34,115,92
82,5.0,44,1,0,-13,2,54,13,99,66
35,5.1,61,1,1,-6,4,87,43,290,232
46,6.4,2,1,0,-13,2,24,81,147,98
69,6.4,10,1,1,-15,4,83,60,190,152
70,7.0,66,1,0,-15,2,5,25,111,74
9,6.4,12,1,1,-10,4,62,86,100,80
71,6.7,19,1,0,-15,2,82,52,51,34
71,6.5,82,1,1,-15,4,71,54,285,228
61,6.0,0,1,0,-15,2,35,51,102,68
83,6.2,77,1,1,-15,4,7,31,260,208
62,6.7,80,1,0,-15,2,34,59,96,64
12,5.5,5,1,1,-15,4,87,35,0,0
63,7.5,26,1,0,-15,2,9,11,96,64
30,7.7,87,1,1,-15,4,43,84,240,192
26,8.2,64,1,0,-15,2,30,79,150,100
60,7.0,63,1,1,-15,4,42,0,70,56
14,7.0,2,1,0,-15,2,83,84,117,78
46,6.617672007540057,81,1,1,-15,4,39,82,250,200
23,6.8,36,1,0,-15,2,22,16,96,64
49,5.7,80,1,1,-12,4,20,71,90,72
68,7.0,43,1,0,-15,2,58,29,93,62
43,7.2,82,1,1,-15,4,12,43,370,296
82,4.9,53,0,0,-15,2,27,16,27,18
4,6.617672007540057,20,1,1,-4,4,41,3,280,224
47,7.1,28,1,0,-15,2,35,0,72,48
45,8.2,40,1,1,-10,4,46,78,165,132
41,7.9,77,1,0,-15,2,14,69,165,110
6,8.0,85,1,1,-1,4,72,59,195,156
27,8.6,20,1,0,-15,2,49,17,177,118
61,7.2,9,1,1,-1,4,29,23,15,12
71,6.9,41,1,0,-15,2,33,83,135,90
74,5.3,49,1,1,-1,4,41,59,165,132
29,6.8,53,1,0,-15,2,21,44,132,88
1,7.7,9,1,1,-1,4,36,5,155,124
68,5.8,3,1,0,-15,2,24,58,21,14
67,7.9,84,1,1,-1,4,36,62,365,292
66,6.617672007540057,74,1,0,-15,2,80,67,192,128
14,7.0,72,1,1,-1,4,35,68,385,308
46,0.7,20,0,0,-15,2,4,45,30,20
73,5.6,2,1,1,-1,4,71,36,130,104
52,3.4,82,0,0,-15,2,5,22,84,56
88,6.617672007540057,66,1,1,-1,4,44,5,5,4
89,5.2,14,1,0,-15,2,47,2,138,92
23,5.8,26,1,1,-1,4,45,40,250,200
73,5.8,48,1,0,-15,2,61,19,129,86
12,6.0,24,1,1,-1,4,44,29,155,124
73,8.2,77,1,0,-15,2,58,25,108,72
36,6.4,52,1,1,-1,4,75,10,80,64
12,6.617672007540057,48,1,0,-15,2,61,24,6,4
28,7.0,8,1,1,-1,4,24,62,430,344
55,5.4,1,1,0,-15,2,6,80,45,30
49,7.0,49,1,1,-1,4,5,29,320,256
6,5.7,58,1,0,-15,2,65,20,129,86
29,3.4,83,0,1,-1,4,45,16,185,148
70,6.0,84,1,0,-15,2,17,17,243,162
22,6.4,17,1,1,-1,4,53,44,275,220
32,7.4,40,1,0,-15,2,15,89,177,118
67,6.617672007540057,29,1,1,-1,4,76,55,15,12
77,8.2,15,1,0,-15,2,54,0,183,122
36,6.617672007540057,9,1,1,-1,4,85,29,220,176
75,6.9,75,1,0,-15,2,35,70,24,16
55,6.617672007540057,53,1,1,-1,4,61,55,295,236
68,5.5,35,1,0,-15,2,61,6,93,62
40,5.8,43,1,1,-1,4,85,54,175,140
36,1.5,36,0,0,-15,2,16,75,138,92
75,7.1,87,1,1,-1,4,42,11,435,348
82,8.1,24,1,0,-15,1,52,17,104,52
65,7.0,0,1,1,-1,4,51,48,5,4
25,8.2,16,1,0,-15,2,4,73,264,176
75,6.4,2,1,1,-3,4,44,57,335,268
79,6.5,16,1,0,-15,1,54,88,86,43
84,5.2,62,1,1,-1,4,66,17,445,356
19,6.617672007540057,81,1,0,-15,2,28,77,93,62
50,6.0,87,1,1,-4,4,46,44,70,56
62,4.8,49,0,0,-15,1,10,69,158,79
67,7.4,30,1,1,-1,4,46,27,0,0
49,7.7,84,1,0,-15,2,27,36,249,166
16,6.4,44,1,1,-3,4,60,53,0,0
39,5.4,49,1,0,-15,1,10,37,46,23
56,6.617672007540057,22,1,1,-1,4,57,62,385,308
38,6.5,34,1,0,-15,2,1,70,27,18
31,6.7,38,1,1,-6,4,13,84,105,84
5,5.5,43,1,0,-15,1,2,25,172,86
49,4.1,79,0,1,-1,4,25,37,315,252
11,6.6,9,1,0,-15,1,4,17,82,41
8,6.5,11,1,1,-13,4,26,23,95,76
61,6.617672007540057,1,1,0,-15,1,15,28,10,5
12,6.8,82,1,1,-1,4,57,89,195,156
36,6.617672007540057,58,1,0,-15,1,74,82,78,39
69,8.5,2,1,1,-13,4,73,0,420,336
47,8.6,51,1,0,-15,1,88,55,24,12
53,8.1,20,1,1,-1,4,52,71,205,164
54,8.0,30,1,0,-15,1,78,33,174,87
80,8.0,70,1,1,-13,4,71,3,235,188
33,7.0,1,1,0,-15,1,28,26,128,64
50,7.0,28,1,1,-3,4,65,21,300,240
46,8.1,48,1,0,-15,1,24,54,0,0
61,7.6,64,1,1,-15,4,52,11,270,216
70,6.617672007540057,45,1,0,-15,2,46,14,129,86
3,2.3,11,0,1,-3,4,76,0,150,120
73,5.2,16,1,0,-15,1,38,3,128,64
32,8.5,68,1,1,-15,4,23,82,400,320
12,6.2,23,1,0,-15,2,50,15,36,24
77,6.5,50,1,1,-5,4,77,34,305,244
19,8.3,42,1,0,-15,2,36,18,171,114
16,2.7,24,0,1,-15,4,71,40,435,348
78,6.617672007540057,60,1,0,-15,2,17,89,33,22
55,7.2,60,1,1,-10,4,74,58,10,8
25,5.8,66,1,0,-15,2,33,88,18,12
43,6.7,22,1,1,-15,4,12,46,395,316
18,6.617672007540057,80,1,0,-15,2,18,56,210,140
39,10.8,28,1,1,-13,4,27,1,335,268
66,7.7,12,1,0,-15,2,18,36,141,94
46,6.7,82,1,1,-15,4,16,25,215,172
24,5.6,87,1,0,-15,2,72,22,33,22
16,7.2,0,1,1,-12,4,86,53,115,92
74,8.8,82,1,0,-15,2,79,41,60,40
15,8.5,37,1,1,-15,4,44,88,160,128
81,8.5,41,1,0,-15,2,88,0,183,122
28,9.3,17,1,1,-13,4,20,61,140,112
27,8.8,36,1,0,-15,2,25,20,72,48
68,9.1,66,1,1,-15,4,72,25,65,52
43,9.3,12,1,0,-15,2,17,15,15,10
82,9.0,27,1,1,-15,4,71,51,290,232
39,9.0,7,1,0,-15,2,54,72,234,156
6,9.4,52,1,1,-15,4,11,86,415,332
2,9.3,59,1,0,-15,2,68,9,264,176
7,8.9,2,1,1,-15,4,69,47,330,264
79,8.9,30,1,0,-15,2,56,39,201,134
15,8.8,82,1,1,-15,4,21,2,360,288
19,8.7,67,1,0,-15,2,50,58,153,102
10,8.7,45,1,1,-15,4,25,4,375,300
38,8.1,82,1,0,-15,2,61,20,81,54
9,8.2,41,1,1,-15,4,11,33,305,244
31,9.1,32,1,0,-15,2,20,3,81,54
41,8.9,45,1,1,-15,4,39,85,205,164
67,6.8,15,1,0,-15,2,70,4,231,154
50,8.1,89,1,1,-15,4,78,33,85,68
14,9.2,33,1,0,-15,3,37,9,244,183
21,6.9,68,1,1,-15,4,13,61,110,88
5,7.2,88,1,0,-15,2,49,44,129,86
37,7.6,83,1,1,-15,4,2,3,300,240
15,7.6,72,1,0,-15,3,14,33,80,60
69,7.9,3,1,1,-15,4,67,33,225,180
0,7.6,45,1,0,-15,3,74,74,200,150
20,7.5,78,1,1,-15,4,86,48,420,336
84,7.3,25,1,0,-15,3,39,54,124,93
41,8.1,11,1,1,-15,4,72,24,80,64
79,8.5,45,1,0,-15,4,15,35,255,204
36,8.6,9,1,1,-15,4,3,74,10,8
21,9.1,29,1,0,-15,4,53,13,305,244
71,8.9,4,1,1,-15,4,80,44,405,324
83,8.1,80,1,0,-15,4,49,6,190,152
66,8.6,27,1,1,-15,4,50,79,15,12
38,7.9,12,1,0,-15,4,36,0,80,64
9,9.4,39,1,1,-15,4,40,69,275,220
59,9.0,86,1,0,-15,4,57,31,265,212
21,8.7,39,1,1,-15,4,50,76,60,48
28,8.7,68,1,0,-15,4,18,31,405,324
64,8.9,33,1,1,-3,4,2,0,50,40
48,8.7,38,1,0,-15,4,15,18,190,152
71,8.1,53,1,1,-3,4,59,20,165,132
79,7.2,40,1,0,-15,4,50,68,270,216
11,7.8,62,1,1,-1,4,75,17,135,108
87,8.8,40,1,0,-15,4,42,71,100,80
21,9.1,45,1,1,-1,4,50,18,215,172
72,7.6,81,1,0,-15,4,17,4,95,76
39,7.5,67,1,1,-1,4,50,52,265,212
36,8.3,13,1,0,-15,4,4,55,415,332
19,8.2,71,1,1,-1,4,62,29,175,140
56,7.9,76,1,0,-15,4,86,3,400,320
11,7.9,55,1,1,-1,4,45,19,20,16
13,8.9,1,1,0,-15,4,51,12,5,4
72,5.9,16,1,1,-1,4,46,67,240,192
12,5.8,12,1,0,-15,4,49,36,200,160
87,9.2,59,1,1,-1,4,61,85,155,124
4,7.4,1,1,0,-15,4,1,26,195,156
57,7.1,86,1,1,-1,4,28,80,395,316
47,7.1,44,1,0,-15,4,40,80,420,336
59,7.2,30,1,1,-1,4,88,41,345,276
53,7.7,30,1,0,-15,4,79,31,0,0
11,6.617672007540057,78,1,1,-10,4,25,12,100,80
52,8.3,51,1,0,-15,4,78,36,410,328
36,6.617672007540057,40,1,1,-1,4,67,44,125,100
36,8.2,31,1,0,-15,4,60,53,275,220
23,8.5,76,1,1,-13,4,89,7,265,212
80,6.617672007540057,86,1,0,-15,4,2,11,215,172
47,6.617672007540057,6,1,1,-6,4,77,80,40,32
86,9.0,16,1,0,-15,4,1,38,40,32
77,9.0,69,1,1,-15,4,26,63,285,228
89,9.0,1,1,0,-15,4,6,70,220,176
1,9.3,5,1,1,-15,4,24,17,260,208
37,8.7,51,1,0,-15,4,48,44,355,284
56,8.7,62,1,1,-15,4,0,19,125,100
24,6.617672007540057,48,1,0,-15,4,59,30,315,252
89,9.2,41,1,1,-15,4,47,56,200,160
69,7.6,34,1,0,-15,4,8,71,70,56
16,7.6,46,1,1,-15,4,5,79,330,264
61,6.617672007540057,77,1,0,-15,4,41,1,175,140
77,6.617672007540057,1,1,1,-15,4,39,82,250,200
24,9.2,59,1,0,-15,4,20,30,60,48
74,8.8,79,1,1,-15,4,56,88,380,304
42,8.2,86,1,0,-15,4,30,3,325,260
4,7.5,44,1,1,-15,4,32,88,175,140
55,6.617672007540057,49,1,0,-15,4,83,44,235,188
42,7.5,68,1,1,-15,4,18,40,175,140
47,6.617672007540057,82,1,0,-15,4,88,14,415,332
76,7.5,40,1,1,-15,4,43,83,300,240
82,7.6,79,1,0,-15,4,13,20,345,276
7,6.617672007540057,17,1,1,-15,4,68,75,360,288
32,6.617672007540057,16,1,0,-15,4,28,11,400,320
18,7.6,46,1,1,-15,4,66,43,125,100
26,8.7,4,1,0,-15,4,34,78,365,292
86,8.4,38,1,1,-15,4,7,36,285,228
18,7.2,51,1,0,-15,4,3,51,45,36
63,8.0,43,1,1,-15,4,17,41,65,52
65,6.617672007540057,86,1,0,-15,4,86,5,370,296
18,8.1,2,1,1,-15,4,26,87,55,44
48,7.8,89,1,0,-15,4,19,72,150,120
69,7.0,10,1,1,-15,4,52,55,350,280
10,6.9,25,1,0,-15,4,18,69,320,256
26,6.617672007540057,82,1,1,-15,4,48,50,175,140
14,6.8,20,1,0,-15,4,44,75,400,320
74,7.8,24,1,1,-15,4,63,84,30,24
28,7.5,78,1,0,-15,4,68,85,10,8
60,6.617672007540057,5,1,1,-15,4,4,42,310,248
40,7.5,78,1,0,-15,4,32,37,50,40
84,7.5,32,1,1,-5,4,17,30,215,172
27,8.7,40,1,0,-15,4,66,29,20,16
43,8.7,35,1,1,-15,4,23,35,10,8
73,8.3,6,1,0,-11,4,30,43,185,148
18,9.0,83,1,1,-3,4,35,62,120,96
45,8.8,71,1,0,-15,4,61,67,305,244
51,9.2,57,1,1,-15,4,39,26,20,16
83,9.3,77,1,0,-5,4,75,55,175,140
76,9.2,6,1,1,-3,4,84,16,180,144
16,9.3,13,1,0,-13,4,37,15,50,40
75,8.9,85,1,1,-15,4,74,77,30,24
87,6.617672007540057,6,1,0,-1,4,50,79,25,20
11,6.617672007540057,22,1,1,-10,4,79,68,5,4
65,7.6,75,1,0,-1,4,21,84,300,240
84,7.5,25,1,1,-15,4,82,44,370,296
43,9.2,14,1,0,-1,4,71,12,105,84
20,7.9,4,1,1,-13,4,68,86,370,296
63,6.617672007540057,35,1,0,-1,4,54,87,365,292
28,6.617672007540057,43,1,1,-15,4,74,78,440,352
81,8.7,55,1,0,-1,4,83,20,255,204
51,9.0,56,1,1,-13,4,47,1,285,228
5,9.1,47,1,0,-1,4,51,52,70,56
15,9.2,81,1,1,-15,4,28,40,370,296
12,7.4,84,1,0,-1,4,2,48,405,324
8,6.617672007540057,34,1,1,-15,4,38,13,125,100
22,6.617672007540057,63,1,0,-1,4,74,31,405,324
56,6.617672007540057,12,1,1,-15,4,39,2,390,312
77,6.617672007540057,21,1,0,-1,4,68,63,85,68
23,7.9,36,1,1,-15,4,27,39,170,136
70,6.617672007540057,62,1,0,-1,4,21,21,70,56
31,6.0,50,1,1,-15,4,79,45,320,256
58,8.0,10,1,0,-1,4,19,28,25,20
50,8.1,49,1,1,-15,4,42,19,50,40
61,6.6,24,1,0,-1,4,0,79,355,284
73,5.5,68,1,1,-15,4,58,14,85,68
38,7.8,31,1,0,-1,4,35,45,330,264
78,7.8,23,1,1,-15,4,14,59,110,88
65,6.8,77,1,0,-1,4,29,81,190,152
54,6.6,49,1,1,-15,4,37,8,85,68
87,6.3,11,1,0,-1,4,0,58,420,336
60,6.7,48,1,1,-15,4,85,63,360,288
32,6.6,39,1,0,-1,4,51,83,30,24
57,8.1,89,1,1,-15,4,8,56,5,4
11,4.8,89,0,0,-1,4,37,6,215,172
86,5.4,51,1,1,-15,4,28,44,420,336
35,7.6,47,1,0,-1,4,32,11,390,312
5,7.2,48,1,1,-15,4,35,43,135,108
67,7.5,24,1,0,-1,4,82,79,175,140
34,7.6,70,1,1,-15,4,84,19,235,188
85,7.5,54,1,0,-1,4,62,41,340,272
13,8.1,62,1,1,-15,4,70,13,30,24
39,8.3,7,1,0,-1,4,58,74,400,320
38,8.2,61,1,1,-15,4,17,28,370,296
33,7.4,21,1,0,-1,4,49,23,295,236
42,8.3,60,1,1,-15,4,48,54,0,0
42,5.8,88,1,0,-1,4,38,7,30,24
87,8.2,53,1,1,-15,4,50,0,170,136
0,8.0,55,1,0,-1,4,69,41,415,332
80,5.0,50,1,1,-15,4,87,2,50,40
24,7.7,6,1,0,-1,4,32,6,120,96
11,7.6,32,1,1,-15,4,74,21,20,16
24,8.2,30,1,0,-1,4,51,76,80,64
23,6.8,24,1,1,-15,4,84,65,300,240
65,8.0,13,1,0,-1,4,17,46,440,352
80,7.8,68,1,1,-15,4,20,9,300,240
6,7.7,3,1,0,-1,4,52,11,190,152
6,6.2,43,1,1,-15,4,17,21,380,304
58,6.8,55,1,0,-1,4,15,7,95,76
30,7.8,45,1,1,-15,4,61,38,230,184
51,8.2,41,1,0,-1,4,73,87,165,132
3,3.1,50,0,1,-15,4,29,43,165,132
35,2.9,61,0,0,-1,4,54,16,40,32
25,6.617672007540057,36,1,1,-15,4,3,40,355,284
25,7.1,8,1,0,-1,4,88,61,260,208
62,7.5,88,1,1,-15,4,6,27,395,316
20,7.4,33,1,0,-1,4,67,8,240,192
55,4.8,88,0,1,-15,4,62,31,5,4
53,6.7,11,1,0,-1,4,1,43,75,60
29,7.6,84,1,1,-15,4,82,87,240,192
17,7.9,45,1,0,-1,4,42,82,90,72
63,3.6,31,0,1,-15,4,60,86,335,268
20,2.0,45,0,0,-1,4,23,41,390,312
46,2.9,15,0,1,-15,4,31,56,85,68
11,5.2,82,1,0,-1,4,0,25,305,244
1,8.4,50,1,1,-15,4,17,55,210,168
22,7.8,34,1,0,-1,4,67,11,335,268
79,5.8,79,1,1,-15,4,88,76,165,132
12,7.1,6,1,0,-1,4,60,88,180,144
68,7.0,69,1,1,-15,4,57,43,25,20
16,6.4,18,1,0,-1,4,24,57,160,128
7,6.0,19,1,1,-15,4,6,46,155,124
8,8.1,43,1,0,-1,4,73,19,165,132
4,6.617672007540057,67,1,1,-13,4,65,8,315,252
59,7.1,63,1,0,-1,4,19,30,70,56
29,6.4,34,1,1,-13,4,5,58,210,168
61,6.0,56,1,0,-1,4,25,76,170,136
43,7.0,1,1,1,-1,4,45,49,365,292
15,5.8,79,1,0,-1,4,87,22,440,352
33,6.4,39,1,1,-1,4,32,61,30,24
85,6.6,74,1,0,-1,4,67,60,10,8
39,7.4,47,1,1,-1,4,63,24,415,332
19,7.4,31,1,0,-1,4,19,10,300,240
65,6.7,46,1,1,-1,4,1,17,170,136
26,6.5,70,1,0,-1,4,54,46,120,96
28,7.2,57,1,1,-1,4,88,19,220,176
15,6.5,22,1,0,-1,4,56,82,345,276
43,6.3,48,1,1,-1,4,28,45,375,300
53,7.0,67,1,0,-3,4,43,52,25,20
1,6.2,63,1,1,-1,4,88,45,250,200
67,6.6,14,1,0,-3,4,65,59,330,264
41,6.3,44,1,1,-1,4,60,49,100,80
28,5.3,56,1,0,-12,4,42,40,95,76
25,2.0,33,0,1,-1,4,3,62,80,64
66,7.5,40,1,0,-10,4,36,51,5,4
39,6.5,12,1,1,-1,4,16,59,165,132
48,5.2,32,1,0,-15,4,4,77,280,224
46,4.8,48,0,1,-1,4,80,29,165,132
3,7.2,64,1,0,-15,4,86,25,305,244
83,6.9,37,1,1,-1,4,72,38,410,328
56,7.2,47,1,0,-15,4,17,43,420,336
31,4.6,20,0,1,-1,4,74,17,35,28
86,7.8,14,1,0,-15,4,2,35,120,96
17,7.6,53,1,1,-1,4,26,81,50,40
41,8.0,37,1,0,-15,4,23,3,0,0
8,6.617672007540057,63,1,1,-1,4,7,41,110,88
61,5.9,77,1,0,-15,4,27,88,240,192
79,7.4,89,1,1,-1,4,42,24,160,128
30,7.2,49,1,0,-15,4,23,67,395,316
25,7.3,42,1,1,-1,4,11,75,170,136
59,6.3,21,1,0,-15,4,51,11,145,116
61,6.4,35,1,1,-1,4,68,71,405,324
2,6.8,58,1,0,-15,3,54,38,316,237
33,6.5,29,1,1,-1,4,50,66,230,184
50,6.3,24,1,0,-15,4,17,59,115,92
81,6.0,74,1,1,-1,4,21,52,390,312
39,6.2,12,1,0,-15,3,43,6,92,69
59,7.2,68,1,1,-1,4,9,68,110,88
57,7.6,38,1,0,-15,4,87,38,170,136
85,2.9,39,0,1,-1,4,80,45,260,208
67,5.1,83,1,0,-15,3,53,50,324,243
40,7.7,52,1,1,-1,4,35,36,210,168
19,6.4,16,1,0,-15,4,74,54,170,136
53,7.0,80,1,1,-1,4,27,56,160,128
52,8.7,6,1,0,-15,3,40,14,8,6
36,6.4,60,1,1,-1,4,44,8,405,324
41,6.5,6,1,0,-15,4,40,63,25,20
49,7.2,47,1,1,-1,4,83,72,150,120
68,7.0,84,1,0,-15,3,21,26,276,207
25,6.6,3,1,1,-1,4,85,61,25,20
4,7.0,37,1,0,-15,4,18,19,440,352
78,7.6,79,1,1,-1,4,13,41,220,176
0,7.7,48,1,0,-4,3,84,33,204,153
88,7.9,80,1,1,-1,4,34,71,100,80
49,6.7,89,1,0,-3,4,4,40,15,12
67,6.2,62,1,1,-1,4,5,70,320,256
81,6.4,23,1,0,-1,3,33,45,236,177
32,6.0,49,1,1,-1,4,69,15,315,252
81,6.5,50,1,0,-1,4,43,59,170,136
57,5.6,41,1,1,-1,4,28,5,65,52
5,6.5,66,1,0,-1,3,51,60,196,147
3,7.0,1,1,1,-1,4,3,72,40,32
9,6.4,49,1,0,-1,4,3,55,300,240
11,6.5,30,1,1,-1,4,68,41,305,244
16,6.3,17,1,0,-6,4,41,30,150,120
75,6.4,66,1,1,-1,4,84,86,250,200
27,6.5,60,1,0,-1,4,4,89,75,60
70,6.3,24,1,1,-1,4,33,7,60,48
78,6.5,77,1,0,-10,4,75,22,430,344
39,4.4,80,0,1,-1,4,49,65,345,276
26,5.0,19,1,0,-1,4,49,8,10,8
17,2.8,26,0,1,-1,4,10,34,365,292
37,2.6,77,0,0,-15,4,12,65,320,256
87,5.6,65,1,1,-1,4,57,5,150,120
29,4.4,74,0,0,-5,4,5,80,80,64
52,6.0,20,1,1,-1,4,70,60,385,308
63,4.8,70,0,0,-15,4,89,12,295,236
21,5.3,22,1,1,-1,4,7,28,155,124
0,4.4,38,0,0,-10,4,83,75,325,260
1,4.7,75,0,1,-1,4,30,16,435,348
52,1.8,17,0,0,-15,4,18,32,365,292
43,4.9,28,0,1,-1,4,50,19,35,28
14,4.1,30,0,0,-15,4,10,27,360,288
63,5.0,53,1,1,-1,4,61,40,210,168
87,5.0,16,1,0,-15,4,29,44,95,76
80,5.2,17,1,1,-1,4,31,52,95,76
60,6.617672007540057,78,1,0,-15,4,80,70,380,304
19,2.8,48,0,1,-1,4,5,79,405,324
79,6.617672007540057,14,1,0,-15,4,78,14,365,292
47,6.0,65,1,1,-1,4,22,81,280,224
61,5.3,32,1,0,-15,4,47,0,170,136
18,5.6,58,1,1,-1,4,54,30,350,280
16,4.6,58,0,0,-15,4,16,66,110,88
68,4.6,74,0,1,-1,3,70,0,164,123
49,6.617672007540057,41,1,0,-15,4,54,60,225,180
11,4.9,15,0,1,-1,4,55,38,255,204
43,3.0,54,0,0,-15,4,64,8,395,316
44,6.617672007540057,78,1,1,-1,3,61,20,352,264
37,4.8,3,0,0,-15,4,85,28,430,344
85,7.1,6,1,1,-1,4,60,66,295,236
69,7.1,61,1,0,-15,4,25,29,295,236
34,5.9,38,1,1,-1,3,28,27,316,237
56,2.8,21,0,0,-15,4,42,71,100,80
29,5.8,4,1,1,-1,3,32,45,64,48
36,1.8,16,0,0,-15,3,6,64,204,153
74,4.1,21,0,1,-1,3,26,74,180,135
10,5.8,68,1,0,-15,4,47,57,230,184
62,5.7,68,1,1,-1,3,73,77,344,258
3,4.9,40,0,0,-15,3,9,36,256,192
13,4.1,7,0,1,-1,3,29,84,68,51
75,4.5,79,0,0,-15,4,87,3,115,92
36,4.3,21,0,1,-1,3,55,12,316,237
41,4.9,56,0,0,-15,3,63,24,152,114
65,4.4,74,0,1,-1,3,28,16,56,42
70,4.8,38,0,0,-15,3,15,26,300,225
15,6.617672007540057,13,1,1,-6,3,74,70,28,21
43,4.2,24,0,0,-15,3,75,63,68,51
59,1.2,67,0,1,-6,3,70,18,256,192
38,2.2,36,0,0,-15,3,38,8,128,96
31,4.9,17,0,1,-13,3,82,58,216,162
78,2.4,52,0,0,-15,3,59,89,192,144
81,3.3,71,0,1,-15,3,42,5,36,27
75,2.1,85,0,0,-15,3,7,17,244,183
1,5.0,80,1,1,-15,3,75,30,332,249
80,0.5,8,0,0,-15,3,4,73,176,132
74,4.1,59,0,1,-15,3,76,7,32,24
10,5.6,42,1,0,-15,3,55,58,32,24
0,5.1,2,1,1,-15,3,79,34,248,186
70,6.5,86,1,0,-15,2,49,4,39,26
60,6.4,22,1,1,-15,3,59,6,132,99
24,5.6,53,1,0,-15,3,11,59,36,27
76,3.2,6,0,1,-15,3,81,86,212,159
69,6.8,59,1,0,-15,2,68,7,120,80
16,4.2,12,0,1,-15,3,20,81,76,57
9,3.0,1,0,0,-15,3,66,23,68,51
78,2.4,77,0,1,-15,3,72,57,80,60
45,5.8,23,1,0,-15,2,34,50,150,100
77,3.6,61,0,1,-15,3,72,27,68,51
44,6.0,67,1,0,-15,3,65,67,60,45
16,5.2,50,1,1,-15,3,9,45,16,12
47,5.0,71,1,0,-15,2,70,0,75,50
48,4.6,57,0,1,-15,3,26,63,0,0
64,4.3,21,0,0,-15,3,29,52,352,264
58,5.2,28,1,1,-15,3,0,25,316,237
64,5.2,40,1,0,-15,2,17,62,78,52
49,6.0,58,1,1,-15,3,63,68,76,57
77,4.0,10,0,0,-15,3,40,70,52,39
65,5.6,75,1,1,-15,3,76,23,56,42
7,6.4,18,1,0,-15,3,25,59,60,45
8,6.0,12,1,1,-15,3,80,21,272,204
77,7.4,36,1,0,-15,3,9,64,88,66
54,7.2,25,1,1,-15,3,25,61,188,141
79,6.8,9,1,0,-15,3,31,57,100,75
24,3.7,48,0,1,-15,3,72,71,312,234
1,7.8,15,1,0,-15,3,7,63,228,171
42,4.6,5,0,1,-15,3,51,61,88,66
43,6.9,28,1,0,-15,3,47,4,64,48
35,6.7,54,1,1,-15,3,42,35,64,48
30,7.3,17,1,0,-15,3,60,21,180,135
18,6.7,12,1,1,-15,3,14,77,320,240
85,6.9,40,1,0,-15,3,19,39,324,243
5,6.5,7,1,1,-15,2,56,48,243,162
12,7.0,87,1,0,-15,3,49,49,168,126
76,7.3,20,1,1,-15,2,3,18,87,58
9,2.3,16,0,0,-15,3,16,9,28,21
47,7.3,19,1,1,-15,2,10,43,93,62
28,7.4,57,1,0,-15,3,51,50,264,198
48,3.5,24,0,1,-15,2,26,74,60,40
39,6.2,66,1,0,-15,3,37,86,180,135
42,7.2,64,1,1,-15,2,23,27,69,46
28,7.6,16,1,0,-15,3,66,48,36,27
45,7.2,71,1,1,-15,2,27,53,213,142
20,7.8,53,1,0,-15,3,73,45,28,21
65,7.8,84,1,1,-15,2,35,46,138,92
32,7.5,6,1,0,-15,3,60,31,84,63
82,6.8,83,1,1,-15,2,42,48,51,34
83,6.617672007540057,77,1,0,-15,3,81,7,196,147
18,4.9,78,0,1,-15,3,35,78,316,237
36,4.8,34,0,0,-15,3,11,68,324,243
7,4.6,15,0,1,-15,3,2,59,336,252
11,5.6,89,1,0,-15,3,81,30,128,96
78,6.2,36,1,1,-15,3,30,42,208,156
52,6.0,19,1,0,-15,3,64,69,64,48
46,6.9,69,1,1,-15,3,11,50,116,87
55,7.2,73,1,0,-15,3,77,87,236,177
17,6.7,72,1,1,-15,3,23,0,140,105
0,6.4,19,1,0,-15,3,37,68,4,3
30,6.2,67,1,1,-15,3,67,59,280,210
73,6.9,87,1,0,-15,3,70,23,348,261
24,5.6,18,1,1,-15,3,44,59,144,108
29,3.3,33,0,0,-15,3,75,21,344,258
43,4.6,32,0,1,-15,3,49,88,316,237
77,5.2,44,1,0,-15,3,20,79,48,36
62,7.1,57,1,1,-15,3,62,49,180,135
77,6.9,22,1,0,-15,3,66,80,296,222
74,7.7,31,1,1,-15,3,89,7,288,216
37,7.4,48,1,0,-15,3,84,41,148,111
38,7.1,28,1,1,-15,3,31,16,328,246
78,7.2,80,1,0,-15,3,8,48,192,144
82,7.2,64,1,1,-15,3,55,29,348,261
37,6.6,5,1,0,-15,3,70,83,312,234
46,2.8,27,0,1,-15,3,66,58,168,126
31,5.2,51,1,0,-15,3,64,26,96,72
38,2.4,83,0,1,-15,3,72,61,352,264
38,4.4,74,0,0,-15,3,82,64,336,252
55,4.0,17,0,1,-15,3,43,33,164,123
41,4.6,30,0,0,-15,3,4,64,128,96
78,4.8,53,0,1,-15,3,64,32,40,30
17,4.8,53,0,0,-15,3,57,81,136,102
66,4.9,56,0,1,-15,3,54,51,12,9
51,6.617672007540057,89,1,0,-15,3,79,27,136,102
58,1.6,61,0,1,-15,3,41,30,184,138
60,4.8,40,0,0,-15,3,24,69,276,207
78,5.2,59,1,1,-15,3,57,14,132,99
42,4.2,17,0,0,-15,3,14,58,52,39
57,6.2,51,1,1,-15,3,65,10,64,48
34,5.1,86,1,0,-15,3,82,58,172,129
67,6.617672007540057,26,1,1,-15,3,56,5,148,111
11,3.0,43,0,0,-15,3,60,74,260,195
46,4.7,52,0,1,-15,3,14,41,24,18
31,2.4,83,0,0,-15,3,4,23,300,225
49,6.617672007540057,56,1,1,-15,3,13,24,324,243
47,4.8,30,0,0,-15,3,88,4,0,0
19,5.3,81,1,1,-15,3,37,2,88,66
3,7.1,2,1,0,-15,3,4,86,44,33
9,6.617672007540057,33,1,1,-15,3,65,31,128,96
0,5.0,18,1,0,-15,3,57,27,240,180
13,0.5,60,0,1,-15,3,54,17,20,15
86,2.8,60,0,0,-15,3,32,74,284,213
36,6.9,39,1,1,-15,3,31,80,212,159
71,3.2,65,0,0,-15,3,16,38,80,60
29,6.9,36,1,1,-15,3,81,89,8,6
69,6.617672007540057,13,1,0,-15,3,83,17,52,39
73,6.617672007540057,39,1,1,-15,3,55,7,264,198
70,5.9,1,1,0,-15,3,83,17,148,111
11,4.2,27,0,1,-15,3,14,80,68,51
12,4.4,33,0,0,-15,3,73,35,116,87
25,2.7,57,0,1,-15,3,40,9,148,111
79,3.1,10,0,0,-15,3,5,89,48,36
86,4.2,82,0,1,-15,3,9,79,340,255
52,7.1,6,1,0,-15,3,18,80,232,174
66,6.8,54,1,1,-15,3,13,0,20,15
39,8.2,22,1,0,-15,3,41,38,88,66
36,1.5,61,0,1,-15,3,87,41,316,237
58,6.9,15,1,0,-15,3,20,80,12,9
31,7.5,85,1,1,-15,2,87,53,168,112
46,7.9,21,1,0,-15,3,34,46,228,171
60,7.0,24,1,1,-15,2,15,20,9,6
88,7.4,52,1,0,-15,3,57,61,276,207
21,6.7,56,1,1,-15,2,60,38,219,146
75,5.8,79,1,0,-15,3,42,30,168,126
47,6.7,69,1,1,-15,2,45,32,57,38
31,2.5,29,0,0,-15,3,20,23,12,9
49,6.9,82,1,1,-15,2,5,76,162,108
78,6.9,9,1,0,-15,3,73,46,72,54
7,5.9,1,1,1,-15,2,2,86,216,144
58,6.8,49,1,0,-15,3,66,89,328,246
30,6.6,86,1,1,-15,2,84,9,252,168
76,6.5,31,1,0,-15,3,59,10,208,156
26,7.0,45,1,1,-15,2,4,18,84,56
43,5.1,23,1,0,-15,3,61,55,288,216
43,8.1,84,1,1,-15,2,50,37,78,52
0,7.8,14,1,0,-15,3,86,6,164,123
7,6.8,71,1,1,-15,2,72,43,255,170
48,6.3,8,1,0,-15,3,10,61,20,15
57,5.1,25,1,1,-15,2,36,75,75,50
70,6.6,44,1,0,-15,3,18,85,296,222
6,3.3,21,0,1,-15,2,37,67,252,168
44,6.5,60,1,0,-15,3,51,80,232,174
56,4.9,19,0,1,-15,2,14,62,57,38
20,7.2,56,1,0,-15,3,75,53,320,240
89,8.0,48,1,1,-15,2,73,56,45,30
6,4.9,3,0,0,-15,3,13,87,156,117
79,6.5,62,1,1,-15,2,59,80,132,88
24,7.4,7,1,0,-15,3,74,2,296,222
60,6.4,14,1,1,-15,2,24,37,213,142
13,7.3,82,1,0,-15,3,25,12,168,126
31,8.0,59,1,1,-15,2,19,43,213,142
40,6.5,7,1,0,-17,3,69,33,168,126
8,6.5,32,1,1,-15,2,9,89,162,108
28,6.4,66,1,0,-39,1,31,18,96,48
37,6.1,40,1,1,-29,1,2,82,106,53
69,6.5,50,1,0,-41,1,15,83,10,5
46,6.3,11,1,1,-32,1,17,82,42,21
12,6.2,12,1,0,-15,1,59,44,36,18
51,6.6,36,1,0,-1,1,18,74,146,73
57,7.4,59,1,0,-15,1,67,24,14,7
41,4.5,18,0,1,-15,1,30,86,20,10
26,8.2,50,1,0,-1,1,41,85,132,66
40,6.7,28,1,1,-1,1,68,2,130,65
42,6.5,43,1,0,-15,1,16,29,98,49
79,6.9,55,1,1,-15,1,44,70,26,13
24,7.6,56,1,0,-1,2,63,56,87,58
17,6.5,68,1,1,-1,1,78,58,122,61
0,5.8,88,1,0,-15,1,69,9,118,59
88,6.5,16,1,1,-15,1,16,38,162,81
39,6.7,77,1,0,-1,2,8,80,99,66
72,6.3,16,1,1,-1,1,72,1,32,16
1,5.4,78,1,0,-13,1,42,75,132,66
26,6.6,2,1,1,-15,1,13,50,10,5
80,7.7,20,1,0,-6,2,76,58,93,62
88,7.8,29,1,1,-1,1,25,41,128,64
74,6.8,53,1,0,-13,1,31,0,104,52
77,3.1,3,0,1,-15,1,11,61,16,8
65,6.8,81,1,0,-10,2,66,37,228,152
32,7.1,63,1,1,-1,1,83,73,160,80
81,7.7,2,1,0,-10,1,42,37,112,56
16,7.7,81,1,1,-15,2,30,42,105,70
13,7.1,77,1,0,-15,2,16,2,153,102
45,7.1,12,1,1,-1,2,48,29,9,6
28,7.2,86,1,0,-6,1,73,17,172,86
80,7.9,88,1,1,-10,2,50,76,201,134
17,6.4,67,1,0,-15,2,19,38,108,72
20,6.4,39,1,1,-1,2,77,37,114,76
59,1.4,16,0,0,-3,1,24,73,128,64
37,6.8,1,1,1,-3,2,25,26,159,106
74,7.3,13,1,0,-15,1,83,40,120,60
36,7.4,53,1,1,-1,2,67,35,108,72
7,7.5,63,1,0,-13,1,8,15,4,2
53,6.0,45,1,1,-1,2,33,62,39,26
26,7.8,51,1,0,-15,1,17,40,44,22
35,7.9,59,1,1,-1,2,84,62,153,102
37,6.6,40,1,0,-15,1,40,87,76,38
82,6.3,47,1,1,-1,2,7,32,84,56
11,2.2,48,0,0,-15,1,55,87,88,44
32,7.0,15,1,1,-1,2,68,63,66,44
84,4.1,20,0,0,-15,1,65,39,120,60
33,7.1,30,1,1,-1,2,6,18,93,62
74,6.3,54,1,0,-15,1,8,49,172,86
70,6.7,61,1,1,-1,2,14,29,75,50
30,6.9,30,1,0,-15,1,9,37,58,29
71,7.1,88,1,1,-1,2,3,12,246,164
14,6.617672007540057,50,1,0,-15,1,16,46,96,48
31,6.617672007540057,61,1,1,-1,2,52,87,174,116
14,6.617672007540057,4,1,0,-15,1,53,26,128,64
10,7.3,82,1,1,-1,3,85,12,244,183
64,7.5,76,1,0,-15,1,25,78,66,33
59,7.4,16,1,1,-1,3,17,61,60,45
6,7.2,85,1,0,-6,1,80,55,20,10
45,7.4,58,1,1,-1,3,45,56,64,48
71,9.8,9,1,0,-15,1,1,4,178,89
64,7.8,80,1,1,-1,3,51,16,112,84
1,7.0,82,1,0,-1,1,58,42,0,0
1,7.2,57,1,1,-1,3,72,77,180,135
68,7.4,68,1,0,-15,1,54,77,156,78
40,7.9,52,1,1,-1,3,80,63,308,231
64,6.7,65,1,0,-10,1,72,88,92,46
50,6.3,19,1,1,-1,3,27,9,56,42
29,7.0,72,1,0,-10,1,18,70,82,41
89,4.0,36,0,1,-1,3,2,48,336,252
86,6.617672007540057,24,1,0,-15,1,67,59,118,59
36,7.0,61,1,1,-1,3,27,2,244,183
25,7.5,69,1,0,-6,2,72,53,60,40
42,7.7,2,1,1,-1,3,80,73,276,207
17,7.6,17,1,0,-15,1,2,65,86,43
84,7.8,68,1,1,-1,3,59,71,332,249
18,7.0,43,1,0,-1,2,59,61,186,124
1,7.6,86,1,1,-1,3,21,80,180,135
80,7.4,80,1,0,-15,1,1,72,156,78
41,6.617672007540057,6,1,1,-1,4,65,28,150,120
35,7.1,36,1,0,-1,2,49,5,33,22
26,7.2,15,1,1,-1,3,13,9,272,204
41,7.0,67,1,0,-15,1,82,77,66,33
14,6.4,62,1,1,-1,4,47,4,320,256
65,7.0,60,1,0,-1,2,40,27,114,76
54,7.7,53,1,1,-1,3,45,84,308,231
64,7.6,46,1,0,-15,2,40,71,99,66
34,7.4,40,1,1,-1,4,43,88,5,4
74,8.6,85,1,0,-5,2,55,47,156,104
70,6.617672007540057,37,1,1,-1,4,51,28,415,332
3,7.7,30,1,0,-15,2,49,31,33,22
61,8.6,79,1,1,-1,4,78,11,400,320
63,5.6,24,1,0,-11,2,57,29,138,92
58,7.0,53,1,1,-1,4,19,11,340,272
84,7.5,19,1,0,-15,2,61,0,75,50
67,7.4,12,1,1,-1,4,80,0,445,356
60,7.0,42,1,0,-15,2,1,3,195,130
55,6.9,74,1,1,-1,4,55,63,255,204
28,7.1,47,1,0,-15,2,73,11,147,98
67,6.617672007540057,13,1,1,-1,4,11,7,255,204
70,6.617672007540057,20,1,0,-15,2,16,1,0,0
47,4.6,21,0,1,-1,4,31,53,410,328
45,7.7,3,1,0,-15,2,50,60,183,122
61,7.6,82,1,1,-6,4,25,85,310,248
19,6.9,8,1,0,-15,2,29,70,186,124
67,7.4,24,1,1,-1,4,75,25,275,220
30,6.3,26,1,0,-6,2,51,14,216,144
5,7.3,14,1,1,-13,4,50,67,10,8
64,7.6,17,1,0,-15,2,77,6,162,108
14,8.2,8,1,1,-1,4,73,33,180,144
34,8.0,40,1,0,-1,2,69,16,27,18
57,7.7,86,1,1,-13,4,83,56,330,264
41,7.5,30,1,0,-15,2,21,83,72,48
86,6.617672007540057,1,1,1,-1,4,10,11,205,164
18,7.1,76,1,0,-3,2,12,75,195,130
65,8.3,33,1,1,-13,4,53,50,265,212
20,7.5,89,1,0,-15,2,77,0,267,178
12,5.2,63,1,1,-1,4,37,45,145,116
34,7.4,7,1,0,-13,2,23,71,81,54
55,7.5,6,1,1,-13,4,58,80,435,348
61,7.3,50,1,0,-15,2,35,16,63,42
64,6.8,30,1,1,-1,4,53,5,315,252
74,10.2,7,1,0,-15,2,22,41,144,96
17,6.8,24,1,1,-10,4,76,70,410,328
76,7.1,84,1,0,-15,2,48,86,249,166
66,6.6,67,1,1,-10,4,41,77,185,148
44,6.8,83,1,0,-15,2,24,7,264,176
11,7.9,35,1,1,-6,4,63,67,120,96
81,6.617672007540057,78,1,0,-15,2,11,31,159,106
29,6.4,12,1,1,-15,4,52,26,60,48
58,8.0,60,1,0,-15,2,73,39,234,156
84,9.8,78,1,1,-3,4,7,15,195,156
46,8.3,47,1,0,-15,2,63,38,102,68
6,7.6,27,1,1,-15,4,8,37,160,128
68,7.6,26,1,0,-15,2,34,80,162,108
58,7.0,10,1,1,-3,4,18,51,195,156
60,6.8,12,1,0,-15,2,51,62,222,148
17,6.8,88,1,1,-15,4,69,85,195,156
84,7.4,8,1,0,-15,2,63,75,249,166
68,7.6,32,1,1,-1,4,2,69,245,196
59,7.6,16,1,0,-15,2,11,28,111,74
10,5.2,37,1,1,-15,4,36,1,415,332
68,6.5,34,1,0,-15,2,11,85,207,138
17,6.617672007540057,14,1,1,-1,4,39,70,110,88
7,7.1,19,1,0,-15,2,19,89,105,70
3,7.2,35,1,1,-3,4,66,1,265,212
62,7.1,15,1,0,-15,2,43,23,84,56
28,7.2,17,1,1,-1,4,9,85,210,168
77,7.0,7,1,0,-15,2,83,38,267,178
39,6.8,63,1,1,-1,4,10,74,375,300
39,7.1,28,1,0,-15,2,13,2,255,170
43,7.6,20,1,1,-1,4,74,75,60,48
83,7.0,2,1,0,-15,2,79,87,159,106
42,7.0,77,1,1,-1,4,51,48,325,260
13,8.0,68,1,0,-15,2,67,32,6,4
0,7.9,68,1,1,-1,4,39,30,20,16
62,7.6,48,1,0,-15,2,80,11,246,164
25,8.4,23,1,1,-1,4,74,77,355,284
52,8.0,47,1,0,-15,2,49,15,267,178
64,5.6,74,1,1,-1,4,75,63,410,328
38,7.0,50,1,0,-15,2,60,48,171,114
51,7.7,65,1,1,-1,4,58,0,405,324
80,7.7,89,1,0,-15,2,27,36,162,108
87,7.0,15,1,1,-1,4,1,32,205,164
89,7.8,76,1,0,-15,2,81,71,36,24
69,6.7,45,1,1,-1,4,44,64,355,284
30,7.0,83,1,0,-15,1,56,15,4,2
57,7.0,10,1,1,-1,4,44,55,130,104
41,6.9,33,1,0,-15,2,52,87,159,106
83,7.1,8,1,1,-1,4,68,77,370,296
13,7.1,13,1,0,-15,1,4,0,78,39
21,7.0,45,1,1,-1,4,58,14,110,88
83,7.2,56,1,0,-15,2,20,33,249,166
62,7.8,31,1,1,-1,4,13,59,205,164
54,7.6,38,1,0,-15,1,57,85,108,54
67,7.3,25,1,1,-1,4,52,12,230,184
82,7.2,45,1,0,-15,2,7,55,183,122
13,7.1,41,1,1,-3,4,74,65,345,276
35,7.9,41,1,0,-15,1,72,42,2,1
82,8.0,73,1,1,-1,4,55,50,280,224
65,7.6,46,1,0,-15,2,61,84,264,176
16,6.6,66,1,1,-10,4,13,85,330,264
34,8.1,24,1,0,-15,1,58,59,56,28
54,7.9,25,1,1,-1,4,58,89,405,324
70,7.5,39,1,0,-15,2,77,78,264,176
70,7.4,41,1,1,-15,4,85,82,415,332
61,8.2,27,1,0,-15,1,73,81,166,83
55,7.6,52,1,1,-1,4,59,50,60,48
30,7.3,61,1,0,-15,2,10,29,3,2
17,7.4,3,1,1,-15,4,80,49,370,296
3,7.6,22,1,0,-15,1,11,57,56,28
69,9.0,68,1,1,-1,4,15,70,215,172
86,9.4,48,1,0,-15,2,89,36,156,104
14,9.0,16,1,1,-15,4,52,46,100,80
26,9.7,2,1,0,-15,1,31,9,24,12
67,8.9,79,1,1,-1,4,78,68,185,148
15,9.8,40,1,0,-15,2,1,59,165,110
41,2.0,36,0,1,-15,4,72,40,440,352
13,7.0,34,1,0,-15,1,30,40,136,68
19,7.6,75,1,1,-1,4,22,3,325,260
53,7.7,25,1,0,-15,2,51,29,111,74
15,7.7,65,1,1,-15,4,88,27,345,276
35,7.8,45,1,0,-15,1,18,85,42,21
22,7.5,89,1,1,-1,4,18,4,135,108
13,7.2,75,1,0,-15,2,69,51,84,56
12,7.2,72,1,1,-15,4,30,82,405,324
33,7.6,89,1,0,-15,1,59,24,42,21
42,7.8,14,1,1,-1,4,79,40,190,152
56,7.1,6,1,0,-15,2,88,63,252,168
87,7.0,14,1,1,-15,4,38,6,20,16
30,7.6,82,1,0,-15,2,89,3,36,24
72,7.2,51,1,1,-1,4,25,71,220,176
68,7.5,34,1,0,-15,2,18,0,180,120
76,7.2,64,1,1,-15,4,68,13,75,60
10,7.3,15,1,0,-15,2,18,52,108,72
7,6.9,9,1,1,-3,4,77,72,410,328
17,6.9,79,1,0,-15,1,57,81,100,50
26,7.8,18,1,1,-15,4,11,35,290,232
10,8.7,52,1,0,-15,2,59,83,246,164
86,7.4,3,1,1,-3,4,54,44,175,140
9,7.3,81,1,0,-15,1,51,50,64,32
64,7.3,13,1,1,-15,4,16,5,250,200
56,6.9,73,1,0,-15,2,33,67,198,132
83,5.6,23,1,1,-3,4,24,37,280,224
10,5.1,16,1,0,-15,2,8,44,261,174
87,7.6,1,1,1,-15,4,65,68,165,132
36,7.1,0,1,0,-15,2,37,30,0,0
70,6.8,60,1,1,-3,4,41,66,380,304
50,6.9,65,1,0,-15,2,81,70,264,176
33,6.0,16,1,1,-15,4,21,30,55,44
73,5.5,2,1,0,-15,2,78,53,186,124
32,6.9,33,1,1,-6,4,31,26,10,8
54,6.5,51,1,0,-15,2,16,55,168,112
82,5.3,32,1,1,-15,4,49,11,90,72
0,5.1,52,1,0,-15,2,72,10,168,112
62,4.6,62,0,1,-10,4,36,45,240,192
89,5.3,6,1,0,-15,2,16,49,162,108
14,5.6,50,1,1,-15,4,30,88,140,112
84,5.5,55,1,0,-15,2,6,44,240,160
5,6.9,42,1,1,-15,4,29,74,285,228
54,6.8,61,1,0,-15,2,13,80,180,120
2,6.7,35,1,1,-15,4,9,53,210,168
17,5.8,48,1,0,-15,2,5,73,63,42
20,6.7,43,1,1,-15,4,45,81,65,52
80,5.6,45,1,0,-15,2,42,58,174,116
51,6.4,68,1,1,-15,4,22,77,425,340
88,6.2,28,1,0,-15,3,71,10,100,75
22,6.7,62,1,1,-15,4,67,21,235,188
83,5.8,59,1,0,-15,2,2,42,0,0
3,5.7,40,1,1,-15,4,28,19,125,100
85,4.0,75,0,0,-15,3,56,62,324,243
38,4.0,74,0,1,-15,4,43,52,385,308
86,7.4,40,1,0,-15,2,87,54,144,96
14,5.3,48,1,1,-15,4,78,37,0,0
71,6.7,48,1,0,-15,3,31,22,164,123
69,6.3,33,1,1,-15,4,30,57,250,200
55,6.3,52,1,0,-15,3,45,78,236,177
21,7.0,6,1,1,-15,4,20,26,315,252
84,7.3,7,1,0,-15,3,84,81,164,123
4,5.6,52,1,1,-15,4,54,44,225,180
56,7.0,4,1,0,-15,3,30,10,252,189
72,4.9,17,0,1,-15,4,65,23,255,204
69,5.1,37,1,0,-15,3,10,1,196,147
83,6.6,38,1,1,-15,4,71,86,195,156
63,6.9,9,1,0,-15,4,31,47,25,20
88,6.6,27,1,1,-15,4,57,85,380,304
5,6.6,1,1,0,-15,4,26,80,25,20
78,6.8,63,1,1,-15,4,71,15,150,120
68,6.5,36,1,0,-15,4,12,78,195,156
10,6.8,66,1,1,-15,4,66,71,330,264
29,6.1,70,1,0,-15,4,47,82,230,184
0,6.8,14,1,1,-15,4,40,48,165,132
28,4.0,39,0,0,-15,4,64,89,5,4
65,4.0,77,0,1,-15,4,62,63,190,152
74,3.7,87,0,0,-15,4,24,79,335,268
80,1.7,27,0,1,-3,4,52,9,75,60
85,3.6,26,0,0,-15,4,8,16,340,272
43,7.6,63,1,1,-3,4,24,81,160,128
37,7.0,65,1,0,-15,4,18,35,435,348
51,7.5,85,1,1,-1,4,55,34,95,76
24,7.9,17,1,0,-15,4,7,54,355,284
80,7.2,13,1,1,-1,4,5,48,45,36
35,7.2,4,1,0,-15,4,37,39,350,280
10,7.0,14,1,1,-1,4,79,84,430,344
87,5.8,48,1,0,-15,4,68,78,255,204
77,6.617672007540057,52,1,1,-1,4,74,18,435,348
2,4.2,77,0,0,-15,4,46,52,90,72
10,3.8,29,0,1,-1,4,16,61,325,260
73,5.2,57,1,0,-15,4,88,70,25,20
5,5.9,21,1,1,-11,4,14,88,215,172
66,3.8,81,0,0,-15,4,28,76,375,300
84,3.6,52,0,1,-1,4,57,18,330,264
16,5.6,77,1,0,-15,4,10,21,235,188
88,5.2,41,1,1,-12,4,29,45,375,300
19,5.5,75,1,0,-15,4,57,54,55,44
32,5.3,86,1,1,-1,4,53,14,155,124
64,5.3,71,1,0,-15,4,83,19,405,324
36,5.1,82,1,1,-15,4,86,7,335,268
1,4.4,51,0,0,-15,4,31,64,270,216
65,4.5,10,0,1,-1,4,7,31,0,0
14,5.2,67,1,0,-15,4,15,14,380,304
74,4.8,66,0,1,-15,4,77,71,275,220
68,4.8,4,0,0,-15,4,62,28,10,8
13,4.9,42,0,1,-1,4,12,13,15,12
82,7.0,5,1,0,-15,4,29,44,305,244
46,7.1,44,1,1,-15,4,1,11,310,248
1,5.1,51,1,0,-15,4,48,63,100,80
41,5.4,65,1,1,-3,4,0,82,195,156
52,6.6,69,1,0,-15,4,27,67,175,140
56,5.4,27,1,1,-15,4,71,68,260,208
46,5.9,1,1,0,-15,4,17,83,390,312
26,5.1,85,1,1,-6,4,62,52,390,312
34,5.4,75,1,0,-15,4,39,16,200,160
77,5.0,57,1,1,-15,4,62,71,310,248
30,5.5,58,1,0,-15,4,89,6,415,332
58,4.8,18,0,1,-15,4,82,43,390,312
63,5.2,39,1,0,-15,4,12,44,335,268
1,6.7,32,1,1,-15,4,1,83,400,320
54,5.3,25,1,0,-15,4,83,69,105,84
78,4.8,89,0,1,-15,4,65,79,415,332
3,4.7,45,0,0,-15,4,26,66,300,240
61,5.5,68,1,1,-15,4,79,55,170,136
2,5.7,81,1,0,-15,4,67,84,245,196
65,5.4,57,1,1,-15,4,18,28,280,224
4,5.4,85,1,0,-15,4,8,53,155,124
27,5.5,88,1,1,-15,4,3,27,355,284
80,4.9,46,0,0,-15,4,24,58,90,72
30,5.1,62,1,1,-15,4,45,58,280,224
84,5.3,78,1,0,-15,4,46,29,260,208
19,5.9,6,1,1,-15,4,22,84,290,232
34,4.8,64,0,0,-15,4,21,31,30,24
45,7.0,60,1,1,-15,4,25,82,5,4
74,7.4,69,1,0,-15,4,74,64,75,60
8,7.0,81,1,1,-15,4,60,21,155,124
80,5.0,42,1,0,-15,4,3,52,230,184
80,7.3,28,1,1,-15,4,2,16,100,80
46,7.3,16,1,0,-15,4,14,36,250,200
75,6.9,61,1,1,-15,4,64,72,180,144
23,5.2,17,1,0,-15,4,34,72,70,56
33,7.0,16,1,1,-15,4,57,65,200,160
6,6.8,35,1,0,-15,4,24,10,195,156
64,5.6,20,1,1,-15,4,68,82,285,228
72,5.3,80,1,0,-10,4,79,17,325,260
45,6.3,85,1,1,-3,4,20,23,75,60
40,7.0,34,1,0,-15,4,33,13,150,120
53,7.6,67,1,1,-15,4,29,71,75,60
52,7.5,69,1,0,-3,4,78,11,285,228
10,7.0,50,1,1,-1,4,28,29,440,352
86,6.617672007540057,54,1,0,-15,4,55,46,325,260
28,6.617672007540057,38,1,1,-15,4,10,8,175,140
0,6.617672007540057,50,1,0,-1,4,20,36,165,132
37,6.617672007540057,45,1,1,-1,4,42,13,100,80
83,6.617672007540057,59,1,0,-15,4,18,43,240,192
8,6.617672007540057,52,1,1,-15,4,11,54,445,356
32,4.0,44,0,0,-1,4,59,30,60,48
81,3.8,83,0,1,-1,4,89,18,30,24
86,3.8,86,0,0,-11,4,24,44,420,336
32,4.2,3,0,1,-15,4,58,15,255,204
28,4.1,3,0,0,-1,4,53,52,180,144
24,4.1,25,0,1,-1,4,43,8,360,288
18,4.0,3,0,0,-6,4,84,64,370,296
32,4.1,16,0,1,-15,4,42,31,425,340
19,3.4,2,0,0,-1,4,35,17,115,92
87,5.6,46,1,1,-1,4,41,65,395,316
72,3.7,6,0,0,-1,4,79,5,325,260
53,3.6,87,0,1,-15,4,45,79,30,24
54,3.6,34,0,0,-1,4,63,86,145,116
79,5.9,37,1,1,-3,4,55,65,270,216
76,3.5,23,0,0,-1,4,88,48,25,20
69,3.8,23,0,1,-15,4,3,63,265,212
14,3.8,31,0,0,-1,4,57,66,175,140
41,3.9,45,0,1,-3,4,0,1,15,12
9,3.6,61,0,0,-1,4,88,66,135,108
89,3.6,75,0,1,-15,4,59,42,410,328
74,3.8,36,0,0,-1,4,56,57,255,204
38,3.8,34,0,1,-6,4,44,32,380,304
5,5.0,9,1,0,-1,4,12,28,175,140
36,5.5,7,1,1,-15,4,88,62,380,304
87,5.8,2,1,0,-1,4,70,51,80,64
54,5.3,7,1,1,-10,4,17,60,355,284
89,6.4,48,1,0,-1,4,41,75,265,212
50,6.3,41,1,1,-15,4,59,76,230,184
65,7.1,71,1,0,-1,4,88,13,15,12
82,7.0,10,1,1,-13,4,58,27,250,200
3,3.4,77,0,0,-1,4,43,38,130,104
86,3.2,62,0,1,-15,4,12,19,80,64
25,7.2,26,1,0,-1,4,31,87,0,0
74,6.8,42,1,1,-13,4,1,6,40,32
40,6.4,54,1,0,-1,4,89,43,135,108
40,6.8,23,1,1,-15,4,44,56,70,56
82,6.9,0,1,0,-1,4,52,69,360,288
87,6.5,17,1,1,-15,4,28,16,300,240
61,5.6,17,1,0,-1,4,37,28,140,112
43,6.3,59,1,1,-15,4,24,16,395,316
3,5.4,89,1,0,-1,4,59,61,90,72
9,5.2,25,1,1,-15,4,55,65,320,256
10,7.8,6,1,0,-1,4,54,76,225,180
41,5.9,75,1,1,-15,4,3,52,200,160
65,4.9,72,0,0,-1,4,6,75,320,256
32,6.9,35,1,1,-15,4,2,84,135,108
34,6.4,87,1,0,-1,4,75,40,290,232
57,7.8,78,1,1,-15,4,48,87,185,148
75,5.7,87,1,0,-1,4,20,82,65,52
26,7.8,36,1,1,-15,4,29,69,220,176
44,7.2,10,1,0,-1,4,23,86,50,40
40,7.0,27,1,1,-15,4,87,50,85,68
46,7.0,15,1,0,-1,4,32,53,250,200
72,7.8,65,1,1,-15,4,19,64,5,4
32,7.7,2,1,0,-1,4,33,24,390,312
46,4.5,17,0,1,-15,4,88,89,160,128
53,5.5,51,1,0,-1,4,5,38,90,72
5,5.6,27,1,1,-15,4,31,30,390,312
15,6.9,34,1,0,-1,4,15,67,185,148
77,7.5,41,1,1,-15,4,5,49,160,128
1,7.2,51,1,0,-1,4,1,13,105,84
72,8.0,43,1,1,-15,4,88,51,420,336
63,6.9,28,1,0,-1,4,65,15,225,180
62,7.6,37,1,1,-15,4,17,62,140,112
19,7.6,21,1,0,-1,4,27,77,160,128
83,8.0,16,1,1,-15,4,12,42,410,328
46,7.9,67,1,0,-1,4,59,19,405,324
78,7.6,64,1,1,-15,4,34,44,385,308
85,0.8,79,0,0,-1,4,21,76,175,140
55,4.0,33,0,1,-15,4,28,21,290,232
35,6.617672007540057,45,1,0,-1,4,89,87,400,320
34,1.0,43,0,1,-15,4,58,9,340,272
82,7.2,58,1,0,-1,4,30,82,145,116
28,0.5,48,0,1,-15,4,11,54,240,192
69,3.0,42,0,0,-1,4,62,48,365,292
56,8.0,1,1,1,-15,4,69,18,295,236
81,7.0,47,1,0,-1,4,24,6,415,332
27,8.0,21,1,1,-15,4,36,85,380,304
13,8.0,87,1,0,-1,4,22,42,265,212
63,7.6,73,1,1,-15,4,56,21,305,244
10,7.5,38,1,0,-1,4,88,53,370,296
66,7.8,24,1,1,-13,4,75,26,140,112
66,7.2,41,1,0,-1,4,87,55,250,200
72,7.4,17,1,1,-13,4,88,33,80,64
32,6.9,58,1,0,-1,4,39,66,305,244
53,8.0,37,1,1,-1,4,54,76,355,284
49,7.6,2,1,0,-1,4,89,81,5,4
61,7.2,87,1,1,-1,4,84,78,165,132
7,7.4,19,1,0,-1,4,4,87,195,156
88,7.9,69,1,1,-1,4,4,33,30,24
81,7.2,66,1,0,-1,4,27,9,375,300
48,7.5,42,1,1,-1,4,17,25,275,220
50,7.5,42,1,0,-3,4,15,16,385,308
43,7.2,76,1,1,-1,4,62,28,265,212
50,7.4,84,1,0,-1,4,47,17,265,212
21,7.4,60,1,1,-1,4,80,83,350,280
20,7.2,48,1,0,-10,4,53,6,190,152
15,7.7,88,1,1,-1,4,0,68,120,96
79,7.4,26,1,0,-1,4,84,19,440,352
52,7.4,57,1,1,-1,4,27,86,145,116
24,8.0,4,1,0,-15,4,29,73,5,4
48,7.8,11,1,1,-1,4,25,77,130,104
45,8.0,33,1,0,-3,4,28,45,235,188
44,7.5,86,1,1,-1,4,23,42,440,352
44,7.0,59,1,0,-15,4,29,81,410,328
72,7.2,52,1,1,-1,4,4,18,65,52
70,6.8,67,1,0,-15,4,57,73,350,280
79,7.4,53,1,1,-1,4,77,46,315,252
2,6.8,30,1,0,-15,4,57,78,275,220
23,6.9,75,1,1,-1,4,41,64,110,88
20,7.8,49,1,0,-15,4,15,29,300,240
3,8.0,24,1,1,-1,4,66,86,45,36
74,7.9,18,1,0,-15,3,53,36,220,165
52,7.6,76,1,1,-1,4,88,71,235,188
51,7.4,7,1,0,-15,4,56,80,385,308
82,7.8,77,1,1,-1,4,3,85,335,268
58,8.0,47,1,0,-15,3,73,53,336,252
85,7.9,72,1,1,-1,4,22,3,0,0
66,6.0,22,1,0,-15,4,76,56,215,172
71,4.3,52,0,1,-1,4,67,0,410,328
21,7.5,34,1,0,-15,3,53,10,84,63
62,7.6,20,1,1,-1,4,62,32,365,292
67,11.5,20,1,0,-15,4,48,17,235,188
4,6.5,57,1,1,-1,4,53,11,285,228
47,6.7,54,1,0,-15,3,38,79,332,249
39,10.5,26,1,1,-1,4,35,47,315,252
51,6.0,48,1,0,-15,4,51,68,55,44
88,7.5,67,1,1,-1,4,3,65,105,84
81,6.5,10,1,0,-15,3,10,15,0,0
1,7.5,12,1,1,-1,4,40,37,365,292
40,4.9,88,0,0,-15,4,41,24,90,72
28,11.9,9,1,1,-1,4,11,63,400,320
42,8.9,25,1,0,-15,3,62,47,140,105
81,4.5,76,0,1,-1,4,48,17,355,284
61,5.5,61,1,0,-15,4,3,23,75,60
14,12.7,72,1,1,-1,4,43,62,220,176
27,11.0,39,1,0,-15,3,37,57,28,21
10,6.8,37,1,1,-1,4,16,67,440,352
3,7.3,47,1,0,-15,4,12,4,260,208
59,7.4,71,1,1,-1,4,87,22,5,4
34,5.9,0,1,0,-3,3,10,37,96,72
84,7.1,69,1,1,-1,4,61,27,145,116
86,7.8,44,1,0,-3,4,79,80,60,48
62,6.3,43,1,1,-1,4,20,85,245,196
20,6.9,85,1,0,-1,3,1,54,144,108
54,7.3,70,1,1,-1,4,70,59,80,64
3,6.7,53,1,0,-1,4,21,18,380,304
2,8.5,15,1,1,-1,4,71,32,160,128
47,8.8,30,1,0,-6,3,46,19,260,195
41,5.1,1,1,1,-1,4,18,67,170,136
78,5.8,56,1,0,-1,4,47,61,175,140
78,4.0,89,0,1,-1,4,65,78,425,340
14,3.5,78,0,0,-15,3,82,42,352,264
83,3.2,59,0,1,-1,4,11,42,410,328
83,4.2,48,0,0,-1,4,14,73,195,156
23,6.5,6,1,1,-1,4,78,73,190,152
21,11.9,64,1,0,-15,3,20,50,352,264
11,10.4,4,1,1,-1,4,11,8,270,216
42,7.9,37,1,0,-1,4,56,23,380,304
33,6.617672007540057,86,1,1,-1,4,62,45,405,324
60,5.4,53,1,0,-15,3,21,18,28,21
61,7.2,43,1,1,-1,4,82,75,165,132
6,6.9,44,1,0,-1,4,39,81,165,132
43,3.3,57,0,1,-1,4,76,49,175,140
55,2.8,7,0,0,-15,3,23,11,352,264
36,7.6,54,1,1,-1,4,28,3,340,272
25,4.2,48,0,0,-1,4,20,38,285,228
79,6.6,32,1,1,-1,4,44,81,215,172
53,5.8,39,1,0,-15,3,24,6,96,72
73,5.6,76,1,1,-1,4,41,82,395,316
40,5.8,25,1,0,-3,4,68,44,185,148
73,5.8,36,1,1,-1,4,41,45,175,140
44,5.4,68,1,0,-15,3,26,22,56,42
60,5.6,30,1,1,-1,4,74,16,390,312
46,5.6,64,1,0,-4,4,38,82,85,68
47,5.8,54,1,1,-1,4,75,24,400,320
57,5.7,41,1,0,-15,3,48,23,52,39
54,5.8,26,1,1,-1,4,20,38,300,240
70,5.8,30,1,0,-3,4,74,49,360,288
24,5.6,11,1,1,-1,4,86,65,420,336
88,6.2,44,1,0,-15,3,34,37,148,111
37,6.1,7,1,1,-1,3,28,26,232,174
34,6.9,33,1,0,-6,4,81,76,350,280
86,6.4,5,1,1,-1,4,64,71,345,276
2,7.0,49,1,0,-15,3,55,63,344,258
52,8.4,17,1,1,-1,3,55,45,40,30
1,3.4,6,0,0,-8,4,50,13,235,188
43,7.5,8,1,1,-1,4,29,27,220,176
89,7.8,34,1,0,-15,3,46,53,0,0
7,10.0,48,1,1,-1,3,10,53,272,204
21,7.6,30,1,0,-15,4,30,56,405,324
5,8.2,80,1,1,-1,4,15,38,340,272
78,7.2,11,1,0,-15,3,17,89,100,75
5,7.8,16,1,1,-1,3,74,49,8,6
86,6.3,50,1,0,-15,4,44,56,165,132
37,7.6,73,1,1,-1,4,24,44,255,204
30,7.2,50,1,0,-15,3,37,0,328,246
58,7.2,47,1,1,-1,3,16,62,108,81
23,7.6,14,1,0,-15,4,24,6,445,356
44,6.2,6,1,1,-1,4,26,15,220,176
79,7.6,35,1,0,-15,3,67,15,340,255
44,8.0,8,1,1,-1,3,8,72,56,42
76,7.0,61,1,0,-15,3,26,26,332,249
2,7.4,21,1,1,-13,4,53,23,90,72
57,7.0,2,1,0,-15,3,22,83,116,87
30,7.4,76,1,1,-1,3,78,42,356,267
36,7.2,78,1,0,-15,3,69,71,260,195
16,8.4,54,1,1,-15,3,88,63,32,24
68,8.2,26,1,0,-15,3,55,33,312,234
86,7.8,15,1,1,-10,3,82,61,300,225
10,6.4,4,1,0,-15,3,12,84,316,237
69,3.9,33,0,1,-15,3,85,56,328,246
58,7.6,41,1,0,-15,2,55,53,219,146
37,8.2,64,1,1,-12,3,7,21,8,6
47,7.6,23,1,0,-15,3,55,26,256,192
27,3.8,29,0,1,-15,3,79,9,20,15
36,7.4,39,1,0,-15,2,63,1,213,142
5,8.5,83,1,1,-15,3,40,34,168,126
74,8.2,59,1,0,-15,3,62,77,184,138
23,8.4,71,1,1,-15,3,1,63,356,267
6,8.2,28,1,0,-15,2,51,76,246,164
87,8.0,6,1,1,-15,3,41,56,104,78
48,6.7,30,1,0,-15,3,2,22,116,87
48,7.2,78,1,1,-15,3,33,68,320,240
27,7.8,62,1,0,-15,2,35,64,9,6
48,7.2,8,1,1,-15,3,28,28,148,111
27,7.0,50,1,0,-15,3,44,20,252,189
44,8.2,6,1,1,-15,3,16,50,24,18
88,8.2,30,1,0,-15,2,27,86,39,26
38,6.8,4,1,1,-15,3,39,69,312,234
0,8.2,63,1,0,-15,3,14,0,60,45
39,6.3,86,1,1,-15,3,71,64,252,189
40,5.0,2,1,0,-15,2,69,17,81,54
35,6.4,83,1,1,-15,3,67,14,316,237
41,6.8,86,1,0,-15,3,75,37,232,174
55,6.4,13,1,1,-15,3,31,23,240,180
14,7.4,51,1,0,-15,2,38,89,90,60
49,9.6,52,1,1,-15,3,87,68,64,48
87,8.0,73,1,0,-15,3,25,1,128,96
26,7.4,33,1,1,-15,3,0,24,8,6
55,7.6,6,1,0,-15,2,70,63,99,66
11,8.6,44,1,1,-15,3,63,63,168,126
60,7.4,37,1,0,-15,3,17,7,204,153
83,7.1,48,1,1,-15,3,42,82,348,261
5,8.0,71,1,0,-15,2,78,71,108,72
43,7.6,45,1,1,-15,3,82,61,316,237
38,7.1,50,1,0,-15,3,36,50,136,102
27,6.8,49,1,1,-15,3,89,33,0,0
23,7.3,59,1,0,-15,2,45,54,9,6
81,5.2,35,1,1,-15,3,17,76,208,156
62,7.0,68,1,0,-15,3,77,57,148,111
21,11.8,68,1,1,-15,3,87,84,296,222
75,9.2,85,1,0,-15,2,69,55,222,148
49,8.8,65,1,1,-15,3,33,3,24,18
57,9.0,47,1,0,-15,3,12,61,40,30
76,6.6,33,1,1,-15,2,24,64,0,0
34,9.6,20,1,0,-15,2,71,81,78,52
87,7.2,27,1,1,-15,3,17,14,168,126
87,7.1,48,1,0,-15,3,79,10,332,249
15,7.2,82,1,1,-15,2,47,35,15,10
2,7.5,50,1,0,-15,2,49,32,234,156
42,7.2,43,1,1,-15,3,60,71,260,195
13,6.8,27,1,0,-15,3,56,84,252,189
51,7.4,83,1,1,-15,3,9,31,56,42
55,7.6,30,1,0,-15,2,10,37,234,156
61,8.0,28,1,1,-15,3,17,63,324,243
47,6.8,69,1,0,-15,3,16,58,344,258
26,7.8,40,1,1,-15,3,1,13,232,174
84,9.1,26,1,0,-15,2,17,74,84,56
69,7.5,68,1,1,-15,3,14,11,56,42
76,0.6,18,0,0,-15,3,4,6,324,243
27,0.7,69,0,1,-15,3,64,6,168,126
66,0.7,27,0,0,-15,2,6,74,192,128
50,4.0,4,0,1,-15,3,60,35,76,57
15,7.4,70,1,0,-15,3,52,72,196,147
38,6.8,77,1,1,-15,3,82,65,192,144
34,8.4,17,1,0,-15,2,61,15,162,108
62,6.1,77,1,1,-15,3,63,75,336,252
14,7.5,61,1,0,-15,3,71,18,124,93
26,5.1,89,1,1,-15,3,44,79,80,60
40,8.3,88,1,0,-15,2,41,3,183,122
83,7.9,71,1,1,-15,3,80,11,116,87
21,9.6,56,1,0,-15,3,21,78,232,174
86,6.3,87,1,1,-15,3,66,76,92,69
58,8.4,19,1,0,-15,2,77,52,66,44
20,6.1,26,1,1,-15,3,64,12,300,225
12,5.5,27,1,0,-15,3,54,86,180,135
79,5.3,75,1,1,-15,3,33,47,316,237
60,2.3,7,0,0,-15,3,55,44,348,261
25,6.9,89,1,1,-15,3,58,3,12,9
37,4.2,55,0,0,-15,3,19,18,284,213
46,7.8,89,1,1,-15,3,9,74,348,261
43,8.0,21,1,0,-15,3,68,40,260,195
89,6.0,10,1,1,-15,3,58,33,248,186
42,6.8,70,1,0,-15,3,77,1,156,117
61,6.4,71,1,1,-15,3,56,44,300,225
50,6.9,57,1,0,-15,3,24,64,344,258
22,6.617672007540057,73,1,1,-15,3,17,81,72,54
41,8.0,11,1,0,-15,3,71,21,192,144
17,7.2,6,1,1,-15,3,3,31,316,237
58,6.6,1,1,0,-15,3,89,18,232,174
22,8.4,14,1,1,-15,3,15,4,48,36
78,11.8,25,1,0,-15,3,86,46,16,12
27,7.8,64,1,1,-15,3,75,1,100,75
51,6.617672007540057,18,1,0,-15,3,70,15,228,171
77,5.8,72,1,1,-15,3,11,7,152,114
33,8.6,88,1,0,-15,3,57,80,40,30
3,7.0,67,1,1,-15,3,18,77,344,258
71,6.617672007540057,79,1,0,-15,3,84,15,48,36
80,6.6,10,1,1,-15,3,43,57,144,108
86,6.8,12,1,0,-15,3,41,21,268,201
81,7.6,50,1,1,-15,3,38,54,56,42
55,6.617672007540057,13,1,0,-15,3,32,66,328,246
46,7.6,61,1,1,-15,3,47,30,20,15
15,6.0,39,1,0,-15,3,21,66,328,246
3,8.4,27,1,1,-15,3,7,14,148,111
1,7.6,32,1,0,-15,3,65,3,84,63
40,9.0,63,1,1,-15,3,27,9,308,231
72,11.0,3,1,0,-15,3,69,56,328,246
81,9.5,45,1,1,-15,3,62,66,32,24
54,8.0,78,1,0,-15,3,59,36,108,81
32,7.4,22,1,1,-15,3,52,72,288,216
0,8.5,64,1,0,-15,3,75,31,272,204
34,9.0,39,1,1,-15,3,36,67,44,33
13,5.0,25,1,0,-15,3,3,24,188,141
23,7.2,49,1,1,-15,3,45,54,168,126
69,7.0,3,1,0,-15,3,41,16,308,231
57,6.8,89,1,1,-15,3,62,57,36,27
60,6.8,79,1,0,-15,3,63,57,144,108
83,6.9,61,1,1,-15,2,37,12,258,172
10,7.2,64,1,0,-15,3,7,28,280,210
48,6.4,74,1,1,-15,3,5,55,276,207
52,5.9,9,1,0,-15,3,6,31,204,153
78,3.8,37,0,1,-15,2,86,37,117,78
43,6.7,24,1,0,-15,3,60,32,156,117
60,5.1,82,1,1,-15,3,50,77,308,231
74,4.7,7,0,0,-15,3,33,74,296,222
74,8.8,55,1,1,-15,2,5,52,54,36
74,7.0,0,1,0,-15,3,8,50,28,21
36,4.3,83,0,1,-15,2,78,39,255,170
34,2.5,42,0,0,-15,3,57,77,320,240
29,6.617672007540057,57,1,1,-15,2,81,35,189,126
86,6.617672007540057,3,1,0,-15,3,56,47,192,144
50,7.5,53,1,1,-15,2,29,58,141,94
62,6.617672007540057,87,1,0,-15,3,8,8,300,225
43,7.6,31,1,1,-15,2,19,38,255,170
8,7.9,52,1,0,-15,3,19,36,4,3
86,8.2,52,1,1,-15,2,3,50,264,176
14,8.8,27,1,0,-15,3,25,6,64,48
79,9.9,27,1,1,-15,2,68,59,246,164
37,9.0,32,1,0,-15,3,86,83,16,12
4,6.617672007540057,4,1,1,-15,2,27,31,198,132
34,6.617672007540057,87,1,0,-15,3,22,78,348,261
77,6.0,1,1,1,-15,2,89,29,84,56
25,4.3,55,0,0,-15,3,52,23,268,201
77,8.0,71,1,1,-15,2,6,30,0,0
55,8.0,38,1,0,-15,3,36,57,12,9
19,7.1,89,1,1,-15,2,65,57,141,94
67,3.2,65,0,0,-15,3,9,83,152,114
26,7.3,74,1,1,-15,2,4,75,114,76
4,10.3,23,1,0,-15,3,55,24,252,189
21,6.617672007540057,26,1,1,-15,2,5,66,156,104
73,7.6,19,1,0,-15,3,0,18,100,75
38,6.4,25,1,1,-15,2,49,22,51,34
68,4.7,79,0,0,-15,3,81,86,104,78
11,4.6,18,0,1,-15,2,79,77,30,20
88,7.4,77,1,0,-18,3,88,4,220,165
23,8.1,43,1,1,-18,2,5,48,201,134
33,8.1,46,1,0,-39,2,85,2,90,60
7,3.1,55,0,1,-29,1,82,1,134,67
48,2.8,80,0,0,-41,1,86,63,42,21
17,3.0,22,0,1,-39,1,70,73,162,81
37,2.0,41,0,0,-15,1,42,22,54,27
21,4.2,74,0,0,-1,2,16,31,54,36
59,4.0,0,0,0,-15,1,68,71,62,31
36,9.3,62,1,1,-15,1,56,9,144,72
60,6.617672007540057,56,1,0,-1,2,77,20,153,102
54,4.9,44,0,1,-1,2,47,87,129,86
70,6.617672007540057,65,1,0,-15,1,83,3,96,48
30,10.2,61,1,1,-15,1,21,88,170,85
84,9.6,38,1,0,-1,2,17,31,141,94
81,10.2,2,1,1,-1,1,69,50,92,46
0,4.5,0,0,0,-15,1,40,40,34,17
39,2.1,35,0,1,-15,1,43,59,98,49
85,9.9,13,1,0,-1,2,9,36,60,40
42,2.5,7,0,1,-1,1,37,74,118,59
5,2.4,82,0,0,-15,1,9,36,156,78
86,8.6,11,1,1,-15,1,2,86,12,6
84,6.617672007540057,9,1,0,-10,2,71,34,195,130
83,7.4,5,1,1,-1,1,8,34,126,63
19,6.7,4,1,0,-15,1,89,23,74,37
23,2.0,17,0,1,-15,1,38,64,174,87
16,4.5,51,0,0,-15,2,66,22,228,152
21,3.7,26,0,1,-1,1,20,36,0,0
49,4.1,9,0,0,-15,1,60,15,72,36
18,4.8,65,0,1,-15,2,0,31,114,76
7,5.0,84,1,0,-15,1,84,1,142,71
39,5.1,1,1,1,-1,2,76,47,0,0
20,4.2,12,0,0,-13,1,40,40,122,61
14,7.2,64,1,1,-13,2,78,19,198,132
27,4.8,43,0,0,-15,1,1,3,72,36
28,5.9,1,1,1,-1,2,78,40,54,36
8,6.7,45,1,0,-13,1,38,89,110,55
47,5.7,18,1,1,-5,2,89,69,240,160
51,7.0,38,1,0,-15,1,41,17,118,59
49,6.7,13,1,1,-1,2,24,44,225,150
37,3.2,18,0,0,-15,1,27,71,30,15
85,5.2,70,1,1,-1,2,64,44,90,60
31,6.0,22,1,0,-15,1,24,89,164,82
64,6.0,80,1,1,-1,2,9,45,159,106
3,5.8,21,1,0,-15,1,47,13,106,53
13,6.5,23,1,1,-1,2,24,46,9,6
44,8.1,10,1,0,-15,1,49,26,2,1
81,6.0,18,1,1,-1,2,80,74,201,134
78,5.5,41,1,0,-15,1,60,42,80,40
60,0.9,83,0,1,-1,2,38,11,198,132
4,1.5,16,0,0,-15,1,32,85,58,29
27,5.5,6,1,1,-1,2,78,60,219,146
44,4.8,27,0,0,-15,1,34,45,30,15
9,7.2,64,1,1,-1,2,64,63,75,50
72,6.7,74,1,0,-15,1,45,53,168,84
61,5.7,71,1,1,-1,2,0,25,129,86
11,6.9,5,1,0,-13,1,79,76,96,48
69,3.3,55,0,1,-1,3,60,47,180,135
1,5.2,80,1,0,-15,1,37,7,34,17
66,5.9,52,1,1,-1,3,62,5,184,138
43,10.2,22,1,0,-3,1,54,64,32,16
2,10.0,6,1,1,-1,3,86,37,152,114
83,9.5,37,1,0,-15,1,33,28,48,24
85,8.0,67,1,1,-1,3,77,72,240,180
62,8.1,0,1,0,-6,1,52,33,168,84
53,7.9,87,1,1,-1,3,35,22,228,171
67,8.0,79,1,0,-15,1,20,0,14,7
57,7.3,44,1,1,-1,3,87,41,272,204
52,7.5,80,1,0,-15,1,54,8,28,14
14,9.0,38,1,1,-1,3,51,6,60,45
36,8.5,65,1,0,-15,2,18,15,69,46
78,8.0,84,1,1,-1,3,70,0,216,162
46,6.617672007540057,75,1,0,-15,1,13,9,176,88
42,6.617672007540057,12,1,1,-1,3,60,42,276,207
33,6.617672007540057,64,1,0,-10,2,12,87,75,50
82,6.617672007540057,67,1,1,-1,3,72,11,108,81
5,6.617672007540057,29,1,0,-15,1,65,38,48,24
71,6.617672007540057,9,1,1,-1,4,81,24,155,124
4,6.617672007540057,45,1,0,-1,2,6,30,258,172
61,6.617672007540057,89,1,1,-1,3,83,77,72,54
83,6.617672007540057,35,1,0,-15,1,68,85,106,53
84,6.617672007540057,42,1,1,-1,4,46,53,380,304
52,6.617672007540057,7,1,0,-1,2,60,38,135,90
22,6.617672007540057,34,1,1,-1,3,78,33,8,6
10,6.617672007540057,18,1,0,-15,1,13,43,154,77
55,6.617672007540057,44,1,1,-1,4,19,40,100,80
66,6.617672007540057,26,1,0,-1,2,31,57,267,178
11,6.617672007540057,3,1,1,-1,3,37,86,232,174
57,6.617672007540057,82,1,0,-15,2,42,79,207,138
34,6.617672007540057,46,1,1,-1,4,32,34,345,276
49,6.617672007540057,59,1,0,-1,2,44,74,78,52
68,6.617672007540057,25,1,1,-1,4,60,89,100,80
80,8.0,74,1,0,-15,2,72,59,252,168
19,6.3,35,1,1,-1,4,43,52,45,36
7,6.0,7,1,0,-6,2,62,15,60,40
11,6.2,28,1,1,-1,4,10,34,275,220
12,6.0,78,1,0,-15,2,83,55,129,86
18,6.2,82,1,1,-1,4,49,48,15,12
30,8.0,70,1,0,-12,2,74,5,141,94
61,7.2,46,1,1,-1,4,45,21,295,236
29,8.0,69,1,0,-15,2,84,31,252,168
10,7.3,51,1,1,-3,4,44,70,380,304
55,6.1,8,1,0,-15,2,64,48,33,22
61,6.0,37,1,1,-1,4,38,12,160,128
46,6.4,81,1,0,-13,2,47,56,198,132
8,6.2,52,1,1,-8,4,30,14,290,232
80,6.0,67,1,0,-15,2,53,82,66,44
24,6.3,74,1,1,-1,4,7,9,240,192
10,6.2,63,1,0,-1,2,69,10,93,62
66,6.6,32,1,1,-6,4,12,75,315,252
9,6.4,73,1,0,-15,2,64,62,6,4
89,6.1,0,1,1,-1,4,69,7,220,176
66,6.0,41,1,0,-1,2,40,57,69,46
78,6.0,45,1,1,-4,4,40,31,350,280
53,6.0,26,1,0,-15,2,26,62,177,118
45,7.6,61,1,1,-1,4,6,28,220,176
77,8.2,8,1,0,-3,2,20,73,246,164
47,7.0,3,1,1,-3,4,11,21,160,128
62,6.0,61,1,0,-15,2,28,50,117,78
62,6.0,28,1,1,-1,4,10,46,335,268
5,6.2,73,1,0,-13,2,21,38,174,116
88,6.6,80,1,1,-3,4,73,86,280,224
62,7.5,73,1,0,-15,2,80,48,39,26
39,6.617672007540057,45,1,1,-1,4,64,54,410,328
86,6.617672007540057,49,1,0,-15,2,67,67,66,44
68,6.1,74,1,1,-3,4,66,47,375,300
47,6.5,14,1,0,-15,2,52,59,129,86
0,5.5,41,1,1,-6,4,21,74,15,12
64,6.0,14,1,0,-15,2,50,15,132,88
87,6.2,23,1,1,-1,4,35,29,400,320
66,6.0,55,1,0,-15,2,71,87,69,46
12,6.0,74,1,1,-10,4,41,45,140,112
88,6.2,89,1,0,-15,2,61,82,45,30
54,6.5,17,1,1,-1,4,23,58,15,12
79,6.1,61,1,0,-15,2,4,27,78,52
42,6.2,73,1,1,-15,4,44,39,405,324
48,6.1,71,1,0,-15,2,85,33,0,0
41,6.2,69,1,1,-1,4,46,7,365,292
87,6.2,48,1,0,-15,2,77,31,21,14
26,6.617672007540057,81,1,1,-15,4,13,78,415,332
55,7.4,42,1,0,-15,2,32,34,204,136
38,9.0,2,1,1,-1,4,15,28,95,76
29,7.5,17,1,0,-15,2,57,28,75,50
35,7.6,61,1,1,-15,4,42,56,250,200
75,7.0,89,1,0,-15,2,47,46,216,144
37,6.0,51,1,1,-1,4,60,39,140,112
80,6.1,49,1,0,-15,2,74,48,219,146
73,6.1,20,1,1,-4,4,29,49,420,336
11,6.5,39,1,0,-15,2,50,11,120,80
36,6.2,10,1,1,-1,4,3,71,290,232
65,6.3,42,1,0,-15,2,6,27,30,20
20,6.0,53,1,1,-1,4,79,61,70,56
86,6.3,27,1,0,-15,2,37,31,198,132
54,5.9,67,1,1,-1,4,61,31,145,116
53,6.617672007540057,49,1,0,-15,2,89,16,27,18
22,5.4,47,1,1,-1,4,57,5,435,348
14,2.4,78,0,0,-15,2,74,68,69,46
37,5.7,34,1,1,-1,4,28,25,110,88
9,5.3,13,1,0,-15,2,10,6,129,86
28,6.0,88,1,1,-1,4,75,39,20,16
80,5.4,60,1,0,-15,2,51,8,174,116
24,6.617672007540057,45,1,1,-1,4,65,46,285,228
56,1.6,45,0,0,-15,2,42,35,267,178
82,5.2,65,1,1,-1,4,37,9,10,8
0,6.6,32,1,0,-15,1,85,0,72,36
24,5.6,68,1,1,-1,4,2,78,245,196
27,4.8,80,0,0,-13,2,58,10,63,42
4,4.2,59,0,1,-1,4,81,85,80,64
38,5.4,78,1,0,-15,1,1,15,134,67
71,5.8,85,1,1,-1,4,84,17,250,200
27,5.2,3,1,0,-15,2,2,58,21,14
57,5.9,6,1,1,-1,4,33,79,185,148
1,5.0,24,1,0,-15,1,43,11,2,1
20,6.2,53,1,1,-1,4,72,56,360,288
59,6.4,65,1,0,-15,2,46,88,210,140
45,6.617672007540057,50,1,1,-1,4,23,26,415,332
15,6.617672007540057,57,1,0,-15,1,36,42,58,29
5,5.9,58,1,1,-1,4,72,0,95,76
28,6.2,45,1,0,-15,2,45,37,210,140
2,5.0,63,1,1,-3,4,78,74,225,180
78,4.8,1,0,0,-15,1,33,53,166,83
38,6.7,36,1,1,-1,4,68,26,225,180
2,6.5,24,1,0,-15,2,38,9,15,10
8,4.8,83,0,1,-11,4,51,60,75,60
47,5.0,74,1,0,-15,1,22,5,58,29
56,6.0,71,1,1,-1,4,88,16,190,152
19,5.2,26,1,0,-15,2,35,66,93,62
50,5.3,31,1,1,-15,4,61,84,325,260
23,5.4,28,1,0,-15,1,81,84,176,88
3,4.9,24,0,1,-1,4,64,17,155,124
63,4.6,41,0,0,-15,2,45,16,126,84
68,4.2,47,0,1,-15,4,67,78,110,88
24,5.2,29,1,0,-15,1,82,65,96,48
48,5.6,75,1,1,-1,4,32,61,270,216
66,5.6,39,1,0,-15,2,22,57,237,158
81,5.2,58,1,1,-15,4,54,25,315,252
42,6.3,4,1,0,-15,1,43,77,164,82
23,1.2,11,0,1,-1,4,2,44,80,64
75,5.6,15,1,0,-15,2,61,8,6,4
84,6.4,2,1,1,-15,4,65,17,325,260
37,5.7,57,1,0,-15,1,22,78,82,41
37,3.2,32,0,1,-3,4,58,23,140,112
73,6.8,48,1,0,-15,2,49,71,48,32
65,8.2,44,1,1,-15,4,21,16,440,352
47,6.2,87,1,0,-15,1,34,87,132,66
25,6.617672007540057,31,1,1,-3,4,5,10,205,164
1,5.4,25,1,0,-15,2,6,40,165,110
61,6.2,87,1,1,-15,4,82,33,145,116
46,5.6,61,1,0,-15,1,11,82,176,88
35,3.0,58,0,1,-3,4,86,20,195,156
37,6.4,83,1,0,-15,2,37,42,141,94
50,3.2,18,0,1,-15,4,84,47,65,52
52,6.617672007540057,51,1,0,-15,2,64,23,261,174
38,6.0,50,1,1,-5,4,77,84,410,328
31,6.1,2,1,0,-15,2,23,6,231,154
16,6.4,69,1,1,-15,4,84,5,325,260
54,5.9,34,1,0,-15,2,60,82,132,88
78,6.3,6,1,1,-10,4,11,13,135,108
83,2.2,78,0,0,-15,2,28,77,51,34
40,6.4,43,1,1,-15,4,59,0,255,204
2,5.8,83,1,0,-15,2,1,25,54,36
33,5.1,68,1,1,-13,4,87,10,80,64
17,5.9,60,1,0,-15,1,21,38,102,51
23,5.3,30,1,1,-15,4,13,19,5,4
3,6.1,12,1,0,-15,2,10,66,120,80
60,6.0,78,1,1,-13,4,87,47,205,164
37,6.0,7,1,0,-15,1,49,73,82,41
52,5.4,63,1,1,-15,4,27,4,405,324
81,5.1,72,1,0,-15,2,79,22,102,68
56,5.3,21,1,1,-13,4,81,25,115,92
63,5.2,75,1,0,-15,2,82,79,69,46
44,6.0,12,1,1,-15,4,68,81,60,48
21,6.1,27,1,0,-15,2,89,41,159,106
71,6.1,50,1,1,-13,4,1,62,10,8
33,5.8,1,1,0,-15,2,62,71,243,162
24,5.4,87,1,1,-15,4,39,34,185,148
15,6.2,13,1,0,-15,2,40,77,78,52
76,6.1,30,1,1,-15,4,41,81,345,276
24,5.8,29,1,0,-15,2,20,23,264,176
72,6.1,80,1,1,-15,4,17,66,440,352
39,6.1,31,1,0,-15,2,67,76,0,0
83,6.2,75,1,1,-15,4,53,71,105,84
66,5.1,66,1,0,-15,2,54,2,72,48
12,5.1,49,1,1,-15,4,41,38,25,20
57,6.2,87,1,0,-15,2,17,28,135,90
3,5.7,80,1,1,-15,4,76,56,270,216
51,5.5,22,1,0,-15,2,11,32,60,40
67,5.4,51,1,1,-15,4,29,73,40,32
45,6.0,46,1,0,-15,3,3,73,316,237
88,5.2,5,1,1,-15,4,50,77,325,260
30,5.4,61,1,0,-15,2,5,11,240,160
9,5.3,87,1,1,-15,4,23,33,80,64
75,5.2,84,1,0,-15,3,71,86,32,24
85,5.1,43,1,1,-15,4,0,82,40,32
89,5.3,56,1,0,-15,2,71,78,57,38
19,5.2,2,1,1,-15,4,10,71,60,48
61,5.4,2,1,0,-15,3,51,12,200,150
82,5.3,70,1,1,-15,4,79,11,125,100
66,5.3,16,1,0,-15,3,87,67,248,186
54,5.1,76,1,1,-15,4,33,38,140,112
1,5.1,26,1,0,-15,3,13,41,192,144
10,6.1,64,1,1,-15,4,5,81,380,304
79,5.7,62,1,0,-15,3,31,72,264,198
33,5.3,79,1,1,-15,4,42,1,325,260
24,5.1,52,1,0,-15,3,25,71,260,195
67,6.0,89,1,1,-15,4,43,33,80,64
13,6.3,74,1,0,-15,4,55,61,150,120
29,5.4,51,1,1,-15,4,78,49,15,12
57,5.3,28,1,0,-15,4,69,30,420,336
82,5.2,44,1,1,-15,4,58,10,410,328
65,6.1,85,1,0,-15,4,36,43,165,132
13,5.5,36,1,1,-15,4,78,85,420,336
62,6.2,35,1,0,-15,4,15,21,325,260
70,6.2,77,1,1,-15,4,86,70,30,24
66,6.0,29,1,0,-15,4,7,48,295,236
64,6.1,35,1,1,-15,4,60,81,90,72
22,6.0,45,1,0,-15,4,81,74,50,40
63,6.0,65,1,1,-3,4,2,85,155,124
60,6.1,3,1,0,-15,4,83,60,245,196
49,6.0,84,1,1,-3,4,70,25,335,268
28,6.1,60,1,0,-15,4,70,77,195,156
16,5.8,6,1,1,-1,4,51,73,30,24
85,9.8,11,1,0,-15,4,24,14,215,172
68,9.8,25,1,1,-3,4,64,17,305,244
66,9.4,79,1,0,-15,4,78,43,295,236
59,9.6,46,1,1,-1,4,88,75,310,248
11,10.4,87,1,0,-15,4,77,21,360,288
3,10.2,30,1,1,-6,4,23,51,40,32
32,9.2,55,1,0,-15,4,73,63,260,208
89,9.2,58,1,1,-1,4,70,72,265,212
65,6.617672007540057,65,1,0,-15,4,36,84,260,208
11,10.2,57,1,1,-15,4,30,18,355,284
6,10.4,47,1,0,-15,4,49,29,275,220
45,10.4,70,1,1,-1,4,35,16,310,248
38,9.8,49,1,0,-15,4,33,14,185,148
53,10.2,65,1,1,-15,4,49,64,355,284
14,10.4,48,1,0,-15,4,64,26,415,332
3,3.2,28,0,1,-1,4,32,76,415,332
13,9.2,43,1,0,-15,4,64,70,405,324
76,9.8,52,1,1,-15,4,42,7,345,276
34,9.2,50,1,0,-15,4,68,88,25,20
20,9.8,63,1,1,-2,4,27,35,350,280
47,9.6,13,1,0,-15,4,44,57,95,76
5,7.0,72,1,1,-15,4,41,68,200,160
42,9.0,62,1,0,-15,4,16,52,120,96
27,7.0,74,1,1,-1,4,78,74,365,292
24,7.5,15,1,0,-15,4,57,43,345,276
38,8.2,28,1,1,-15,4,32,33,240,192
82,5.6,75,1,0,-15,4,58,3,435,348
39,6.617672007540057,82,1,1,-1,4,37,8,210,168
66,9.6,21,1,0,-15,4,74,82,75,60
76,9.2,68,1,1,-15,4,61,68,165,132
22,9.4,69,1,0,-15,4,80,40,355,284
26,7.5,48,1,1,-1,4,71,3,165,132
30,9.6,31,1,0,-15,4,11,78,410,328
49,5.5,62,1,1,-15,4,24,68,365,292
85,6.0,63,1,0,-15,4,77,6,375,300
82,8.5,6,1,1,-10,4,41,69,365,292
67,0.3,56,0,0,-15,4,62,10,0,0
1,0.3,17,0,1,-15,4,31,18,305,244
3,0.8,71,0,0,-15,4,68,5,30,24
21,6.617672007540057,78,1,1,-13,4,77,86,140,112
11,1.0,76,0,0,-15,4,44,7,335,268
43,9.0,27,1,1,-15,4,61,67,225,180
86,9.1,53,1,0,-15,4,6,32,400,320
82,10.3,80,1,1,-15,4,83,5,345,276
82,10.3,3,1,0,-15,4,54,71,210,168
2,8.9,44,1,1,-15,4,20,87,225,180
9,8.6,13,1,0,-15,4,79,35,245,196
58,8.7,69,1,1,-15,4,71,17,60,48
82,8.5,13,1,0,-15,4,81,29,125,100
29,8.8,50,1,1,-15,4,30,84,235,188
86,8.3,42,1,0,-15,4,42,41,145,116
56,7.9,40,1,1,-15,4,29,53,420,336
75,8.0,30,1,0,-15,4,74,0,320,256
8,9.0,81,1,1,-15,4,79,45,310,248
4,8.9,1,1,0,-15,4,28,11,90,72
71,8.0,44,1,1,-15,4,79,64,235,188
57,8.2,51,1,0,-15,4,37,1,80,64
2,9.7,51,1,1,-15,4,67,57,145,116
88,9.4,27,1,0,-15,4,89,26,415,332
52,7.9,10,1,1,-13,4,32,20,230,184
4,9.6,74,1,0,-15,4,35,71,405,324
28,8.8,19,1,1,-15,4,71,12,285,228
67,7.9,27,1,0,-5,4,33,89,320,256
1,8.4,9,1,1,-1,4,56,9,290,232
30,8.2,19,1,0,-15,4,2,64,180,144
13,8.0,41,1,1,-15,4,14,39,180,144
4,7.7,21,1,0,-1,4,19,18,15,12
13,1.6,12,0,1,-1,4,19,44,30,24
27,2.5,61,0,0,-15,4,9,51,160,128
22,3.6,89,0,1,-15,4,15,66,330,264
45,5.7,88,1,0,-1,4,29,38,35,28
53,8.9,10,1,1,-1,4,18,0,290,232
62,9.1,65,1,0,-15,4,14,28,370,296
85,8.7,73,1,1,-15,4,76,77,285,228
29,7.1,89,1,0,-1,4,62,45,360,288
3,0.9,37,0,1,-1,4,7,85,85,68
3,7.8,64,1,0,-15,4,25,35,170,136
49,7.4,15,1,1,-15,4,62,54,125,100
44,6.617672007540057,40,1,0,-1,4,81,10,335,268
79,9.7,19,1,1,-1,4,67,55,105,84
63,9.0,30,1,0,-10,4,12,85,70,56
75,6.1,15,1,1,-15,4,65,54,395,316
49,7.4,31,1,0,-1,4,15,40,370,296
44,8.0,70,1,1,-1,4,45,80,415,332
24,2.0,36,0,0,-1,4,18,61,70,56
68,6.617672007540057,41,1,1,-15,4,84,69,380,304
41,6.617672007540057,35,1,0,-1,4,6,83,180,144
22,0.3,52,0,1,-1,4,34,66,265,212
37,6.8,56,1,0,-1,4,76,18,110,88
52,7.1,48,1,1,-15,4,14,37,120,96
24,6.617672007540057,6,1,0,-1,4,29,29,45,36
32,6.617672007540057,73,1,1,-1,4,1,23,355,284
11,7.3,38,1,0,-1,4,80,62,85,68
71,8.6,5,1,1,-15,4,85,57,85,68
35,5.5,18,1,0,-1,4,67,43,250,200
28,8.2,54,1,1,-1,4,7,28,190,152
15,9.3,65,1,0,-1,4,6,67,240,192
86,9.3,34,1,1,-15,4,77,88,235,188
58,8.5,89,1,0,-1,4,19,80,415,332
80,8.5,52,1,1,-3,4,39,82,120,96
34,7.8,56,1,0,-1,4,3,36,425,340
89,7.7,82,1,1,-15,4,7,79,95,76
87,8.5,72,1,0,-1,4,3,19,110,88
77,8.6,20,1,1,-3,4,38,42,330,264
14,8.7,89,1,0,-1,4,0,24,140,112
1,8.7,31,1,1,-15,4,71,28,150,120
82,7.3,2,1,0,-1,4,64,28,90,72
0,6.9,17,1,1,-5,4,23,37,0,0
86,7.1,83,1,0,-1,4,80,41,415,332
28,5.8,2,1,1,-15,4,86,41,330,264
54,7.0,60,1,0,-1,4,70,20,350,280
17,0.3,54,0,1,-13,4,42,37,85,68
3,0.3,35,0,0,-1,4,55,51,5,4
63,9.3,27,1,1,-15,4,38,9,55,44
73,7.5,75,1,0,-1,4,37,54,165,132
35,8.8,8,1,1,-15,4,35,67,250,200
84,6.617672007540057,7,1,0,-1,4,26,85,390,312
40,1.2,2,0,1,-15,4,8,40,60,48
87,10.6,77,1,0,-1,4,65,68,250,200
84,11.4,34,1,1,-15,4,42,57,390,312
25,8.0,56,1,0,-1,4,50,32,35,28
48,8.5,83,1,1,-15,4,80,56,20,16
83,7.1,31,1,0,-1,4,55,2,430,344
19,9.8,6,1,1,-15,4,22,67,115,92
17,9.5,64,1,0,-1,4,7,56,175,140
35,9.8,59,1,1,-15,4,50,74,205,164
22,9.7,4,1,0,-1,4,3,1,185,148
2,6.617672007540057,45,1,1,-15,4,43,5,45,36
49,6.617672007540057,25,1,0,-1,4,39,46,190,152
62,8.5,31,1,1,-15,4,44,22,0,0
16,8.1,79,1,0,-1,4,14,55,90,72
18,8.3,44,1,1,-15,4,61,59,170,136
85,8.2,10,1,0,-1,4,15,78,300,240
66,8.4,16,1,1,-15,4,39,61,5,4
8,6.7,69,1,0,-1,4,10,87,30,24
48,7.7,21,1,1,-15,4,24,75,280,224
74,6.3,76,1,0,-1,4,87,32,140,112
74,6.6,28,1,1,-15,4,56,39,225,180
38,6.0,71,1,0,-1,4,58,87,225,180
55,6.3,36,1,1,-15,4,20,37,375,300
1,7.6,2,1,0,-1,4,1,18,340,272
56,5.8,68,1,1,-15,4,49,31,125,100
55,7.0,1,1,0,-1,4,9,18,10,8
26,5.5,61,1,1,-15,4,49,32,95,76
1,5.7,40,1,0,-1,4,19,20,235,188
71,6.5,89,1,1,-15,4,81,3,430,344
55,6.5,23,1,0,-1,4,29,71,130,104
58,7.5,6,1,1,-15,4,32,21,285,228
56,8.4,32,1,0,-3,4,50,4,300,240
3,8.2,30,1,1,-15,4,86,3,230,184
61,8.1,12,1,0,-1,4,87,72,100,80
46,7.2,16,1,1,-15,4,47,72,270,216
30,5.6,75,1,0,-6,4,42,43,345,276
41,5.4,20,1,1,-15,4,17,39,35,28
0,6.0,88,1,0,-1,4,2,62,65,52
88,5.6,27,1,1,-13,4,67,53,160,128
88,7.1,65,1,0,-3,4,37,61,190,152
27,6.8,87,1,1,-13,4,85,12,265,212
11,5.6,30,1,0,-1,4,14,40,65,52
56,6.1,40,1,1,-1,4,73,85,330,264
35,7.2,71,1,0,-3,4,69,43,265,212
35,3.2,26,0,1,-1,4,67,21,70,56
86,9.7,87,1,0,-1,4,17,69,295,236
2,6.4,36,1,1,-1,4,77,40,385,308
69,7.2,7,1,0,-1,4,22,45,445,356
65,7.9,22,1,1,-1,4,80,86,135,108
25,7.5,83,1,0,-3,4,49,75,40,32
63,7.9,79,1,1,-1,4,15,15,285,228
83,6.6,39,1,0,-1,4,39,53,185,148
85,5.8,5,1,1,-1,4,32,72,405,324
59,6.0,38,1,0,-13,4,57,12,95,76
40,8.2,27,1,1,-1,4,43,12,180,144
60,7.4,84,1,0,-1,4,4,44,405,324
37,6.4,43,1,1,-1,4,77,6,175,140
79,7.4,45,1,0,-15,4,29,26,145,116
48,7.2,6,1,1,-1,4,19,72,445,356
46,6.617672007540057,42,1,0,-3,4,2,57,440,352
39,6.617672007540057,80,1,1,-1,4,16,17,20,16
11,5.1,81,1,0,-15,4,83,31,95,76
50,0.4,75,0,1,-1,4,43,21,35,28
76,0.4,26,0,0,-15,4,19,67,415,332
80,7.4,23,1,1,-1,4,43,45,225,180
65,6.2,35,1,0,-15,4,88,80,415,332
35,7.3,35,1,1,-1,4,85,46,30,24
74,7.8,38,1,0,-15,4,45,54,235,188
5,7.5,5,1,1,-1,4,6,45,180,144
1,7.5,53,1,0,-15,3,13,34,220,165
19,4.8,49,0,1,-1,4,5,67,320,256
0,8.2,29,1,0,-15,4,74,23,300,240
87,6.8,26,1,1,-1,4,7,49,365,292
57,6.5,47,1,0,-15,3,86,69,56,42
58,8.0,84,1,1,-1,4,65,51,195,156
18,8.0,20,1,0,-15,4,20,89,220,176
32,8.1,15,1,1,-1,4,50,4,440,352
75,9.4,65,1,0,-15,3,40,40,8,6
56,0.4,63,0,1,-1,4,20,86,235,188
27,1.3,79,0,0,-15,4,51,32,340,272
13,5.8,38,1,1,-1,4,83,69,185,148
57,6.0,51,1,0,-15,3,18,72,204,153
72,7.5,47,1,1,-1,4,61,14,245,196
9,7.3,12,1,0,-15,4,26,47,200,160
35,7.4,41,1,1,-1,4,22,88,70,56
32,7.4,51,1,0,-15,3,15,29,144,108
17,6.8,8,1,1,-1,4,27,34,355,284
10,7.1,30,1,0,-15,4,72,28,100,80
20,7.3,22,1,1,-1,4,77,65,120,96
58,7.2,30,1,0,-15,3,25,31,96,72
16,7.5,40,1,1,-1,4,52,76,320,256
10,7.8,55,1,0,-15,4,44,67,240,192
